ISO-10303-21;
HEADER;
/* Generated by software containing ST-Developer
 * from STEP Tools, Inc. (www.steptools.com) 
 */
/* OPTION: using custom renumber hook */

FILE_DESCRIPTION(
/* description */ ('STEP AP242 Edition 2',
'CAx-IF Rec.Pracs.---Representation and Presentation of Product Manufa
cturing Information (PMI)---4.0---2014-10-13',
'CAx-IF Rec.Pracs.---3D Tessellated Geometry---0.4---2014-09-14','2;1',
'CAx-IF Rec.Pracs.---User Defined Attributes---1.5---2016-08-15'),
/* implementation_level */ '2;1');

FILE_NAME(
/* name */ 'BlastShield - Part 1',
/* time_stamp */ '2026-07-30T20:41:59Z',
/* author */ (''),
/* organization */ (''),
/* preprocessor_version */ 'ST-DEVELOPER v20',
/* originating_system */ 'ONSHAPE BY PTC INC, 1.218',
/* authorisation */ '  ');

FILE_SCHEMA (('AP242_MANAGED_MODEL_BASED_3D_ENGINEERING_MIM_LF { 1 0 10303 442 3 1 4 }'));
ENDSEC;

DATA;
#10=SHAPE_REPRESENTATION_RELATIONSHIP('','',#2435,#11);
#11=ADVANCED_BREP_SHAPE_REPRESENTATION('',(#2433),#3913);
#12=CYLINDRICAL_SURFACE('',#2551,0.002);
#13=CYLINDRICAL_SURFACE('',#2553,0.002);
#14=CYLINDRICAL_SURFACE('',#2555,0.002);
#15=CYLINDRICAL_SURFACE('',#2557,0.002);
#16=CYLINDRICAL_SURFACE('',#2597,0.012);
#17=CYLINDRICAL_SURFACE('',#2598,0.012);
#18=CYLINDRICAL_SURFACE('',#2599,0.012);
#19=CYLINDRICAL_SURFACE('',#2600,0.012);
#20=ELLIPSE('',#2447,0.0138564064605509,0.012);
#21=ELLIPSE('',#2448,0.0138564064605509,0.012);
#22=ELLIPSE('',#2453,0.0138564064605509,0.012);
#23=ELLIPSE('',#2454,0.0138564064605509,0.012);
#24=ELLIPSE('',#2459,0.0138564064605509,0.012);
#25=ELLIPSE('',#2460,0.0138564064605509,0.012);
#26=ELLIPSE('',#2465,0.0138564064605509,0.012);
#27=ELLIPSE('',#2466,0.0138564064605509,0.012);
#28=ELLIPSE('',#2471,0.0138564064605509,0.012);
#29=ELLIPSE('',#2472,0.0138564064605509,0.012);
#30=ELLIPSE('',#2477,0.0138564064605509,0.012);
#31=ELLIPSE('',#2478,0.0138564064605509,0.012);
#32=ELLIPSE('',#2481,0.013856406460551,0.012);
#33=ELLIPSE('',#2482,0.013856406460551,0.012);
#34=ELLIPSE('',#2487,0.013856406460551,0.012);
#35=ELLIPSE('',#2488,0.013856406460551,0.012);
#36=ELLIPSE('',#2493,0.013856406460551,0.012);
#37=ELLIPSE('',#2494,0.013856406460551,0.012);
#38=ELLIPSE('',#2499,0.013856406460551,0.012);
#39=ELLIPSE('',#2500,0.013856406460551,0.012);
#40=ELLIPSE('',#2505,0.013856406460551,0.012);
#41=ELLIPSE('',#2506,0.013856406460551,0.012);
#42=ELLIPSE('',#2511,0.013856406460551,0.012);
#43=ELLIPSE('',#2512,0.013856406460551,0.012);
#44=ELLIPSE('',#2515,0.013856406460551,0.012);
#45=ELLIPSE('',#2516,0.013856406460551,0.012);
#46=ELLIPSE('',#2529,0.013856406460551,0.012);
#47=ELLIPSE('',#2530,0.013856406460551,0.012);
#48=ELLIPSE('',#2533,0.013856406460551,0.012);
#49=ELLIPSE('',#2534,0.013856406460551,0.012);
#50=ELLIPSE('',#2537,0.013856406460551,0.012);
#51=ELLIPSE('',#2538,0.013856406460551,0.012);
#52=ELLIPSE('',#2541,0.013856406460551,0.012);
#53=ELLIPSE('',#2542,0.013856406460551,0.012);
#54=ELLIPSE('',#2545,0.013856406460551,0.012);
#55=ELLIPSE('',#2546,0.013856406460551,0.012);
#56=ELLIPSE('',#2549,0.013856406460551,0.012);
#57=ELLIPSE('',#2550,0.013856406460551,0.012);
#58=ELLIPSE('',#2560,0.013856406460551,0.012);
#59=ELLIPSE('',#2561,0.013856406460551,0.012);
#60=ELLIPSE('',#2564,0.013856406460551,0.012);
#61=ELLIPSE('',#2565,0.013856406460551,0.012);
#62=ELLIPSE('',#2568,0.013856406460551,0.012);
#63=ELLIPSE('',#2569,0.013856406460551,0.012);
#64=ELLIPSE('',#2572,0.013856406460551,0.012);
#65=ELLIPSE('',#2573,0.013856406460551,0.012);
#66=ELLIPSE('',#2576,0.013856406460551,0.012);
#67=ELLIPSE('',#2577,0.013856406460551,0.012);
#68=ELLIPSE('',#2580,0.013856406460551,0.012);
#69=ELLIPSE('',#2581,0.013856406460551,0.012);
#70=ELLIPSE('',#2583,0.013856406460551,0.012);
#71=ELLIPSE('',#2584,0.013856406460551,0.012);
#72=CIRCLE('',#2439,0.002);
#73=CIRCLE('',#2440,0.002);
#74=CIRCLE('',#2441,0.002);
#75=CIRCLE('',#2442,0.002);
#76=CIRCLE('',#2523,0.012);
#77=CIRCLE('',#2524,0.012);
#78=CIRCLE('',#2525,0.012);
#79=CIRCLE('',#2526,0.012);
#80=CIRCLE('',#2552,0.002);
#81=CIRCLE('',#2554,0.002);
#82=CIRCLE('',#2556,0.002);
#83=CIRCLE('',#2558,0.002);
#84=CIRCLE('',#2588,0.012);
#85=CIRCLE('',#2589,0.012);
#86=CIRCLE('',#2590,0.012);
#87=CIRCLE('',#2591,0.012);
#88=ORIENTED_EDGE('',*,*,#800,.F.);
#89=ORIENTED_EDGE('',*,*,#801,.T.);
#90=ORIENTED_EDGE('',*,*,#802,.T.);
#91=ORIENTED_EDGE('',*,*,#803,.T.);
#92=ORIENTED_EDGE('',*,*,#804,.F.);
#93=ORIENTED_EDGE('',*,*,#805,.F.);
#94=ORIENTED_EDGE('',*,*,#806,.F.);
#95=ORIENTED_EDGE('',*,*,#807,.T.);
#96=ORIENTED_EDGE('',*,*,#808,.T.);
#97=ORIENTED_EDGE('',*,*,#809,.T.);
#98=ORIENTED_EDGE('',*,*,#810,.F.);
#99=ORIENTED_EDGE('',*,*,#811,.T.);
#100=ORIENTED_EDGE('',*,*,#812,.T.);
#101=ORIENTED_EDGE('',*,*,#813,.T.);
#102=ORIENTED_EDGE('',*,*,#814,.T.);
#103=ORIENTED_EDGE('',*,*,#815,.T.);
#104=ORIENTED_EDGE('',*,*,#816,.F.);
#105=ORIENTED_EDGE('',*,*,#817,.F.);
#106=ORIENTED_EDGE('',*,*,#818,.T.);
#107=ORIENTED_EDGE('',*,*,#819,.T.);
#108=ORIENTED_EDGE('',*,*,#820,.T.);
#109=ORIENTED_EDGE('',*,*,#821,.T.);
#110=ORIENTED_EDGE('',*,*,#822,.T.);
#111=ORIENTED_EDGE('',*,*,#823,.F.);
#112=ORIENTED_EDGE('',*,*,#824,.F.);
#113=ORIENTED_EDGE('',*,*,#825,.T.);
#114=ORIENTED_EDGE('',*,*,#826,.T.);
#115=ORIENTED_EDGE('',*,*,#827,.T.);
#116=ORIENTED_EDGE('',*,*,#828,.T.);
#117=ORIENTED_EDGE('',*,*,#829,.T.);
#118=ORIENTED_EDGE('',*,*,#830,.F.);
#119=ORIENTED_EDGE('',*,*,#831,.F.);
#120=ORIENTED_EDGE('',*,*,#832,.T.);
#121=ORIENTED_EDGE('',*,*,#833,.T.);
#122=ORIENTED_EDGE('',*,*,#834,.T.);
#123=ORIENTED_EDGE('',*,*,#835,.T.);
#124=ORIENTED_EDGE('',*,*,#836,.T.);
#125=ORIENTED_EDGE('',*,*,#837,.F.);
#126=ORIENTED_EDGE('',*,*,#838,.F.);
#127=ORIENTED_EDGE('',*,*,#839,.T.);
#128=ORIENTED_EDGE('',*,*,#840,.T.);
#129=ORIENTED_EDGE('',*,*,#841,.T.);
#130=ORIENTED_EDGE('',*,*,#842,.T.);
#131=ORIENTED_EDGE('',*,*,#843,.T.);
#132=ORIENTED_EDGE('',*,*,#844,.F.);
#133=ORIENTED_EDGE('',*,*,#845,.F.);
#134=ORIENTED_EDGE('',*,*,#846,.T.);
#135=ORIENTED_EDGE('',*,*,#847,.T.);
#136=ORIENTED_EDGE('',*,*,#848,.T.);
#137=ORIENTED_EDGE('',*,*,#849,.T.);
#138=ORIENTED_EDGE('',*,*,#850,.T.);
#139=ORIENTED_EDGE('',*,*,#851,.F.);
#140=ORIENTED_EDGE('',*,*,#852,.F.);
#141=ORIENTED_EDGE('',*,*,#853,.T.);
#142=ORIENTED_EDGE('',*,*,#854,.T.);
#143=ORIENTED_EDGE('',*,*,#855,.T.);
#144=ORIENTED_EDGE('',*,*,#856,.T.);
#145=ORIENTED_EDGE('',*,*,#857,.T.);
#146=ORIENTED_EDGE('',*,*,#858,.T.);
#147=ORIENTED_EDGE('',*,*,#859,.T.);
#148=ORIENTED_EDGE('',*,*,#860,.T.);
#149=ORIENTED_EDGE('',*,*,#861,.T.);
#150=ORIENTED_EDGE('',*,*,#862,.T.);
#151=ORIENTED_EDGE('',*,*,#863,.T.);
#152=ORIENTED_EDGE('',*,*,#864,.T.);
#153=ORIENTED_EDGE('',*,*,#865,.T.);
#154=ORIENTED_EDGE('',*,*,#866,.T.);
#155=ORIENTED_EDGE('',*,*,#867,.T.);
#156=ORIENTED_EDGE('',*,*,#868,.T.);
#157=ORIENTED_EDGE('',*,*,#869,.T.);
#158=ORIENTED_EDGE('',*,*,#870,.T.);
#159=ORIENTED_EDGE('',*,*,#871,.T.);
#160=ORIENTED_EDGE('',*,*,#872,.T.);
#161=ORIENTED_EDGE('',*,*,#873,.T.);
#162=ORIENTED_EDGE('',*,*,#874,.T.);
#163=ORIENTED_EDGE('',*,*,#875,.F.);
#164=ORIENTED_EDGE('',*,*,#876,.F.);
#165=ORIENTED_EDGE('',*,*,#877,.F.);
#166=ORIENTED_EDGE('',*,*,#878,.F.);
#167=ORIENTED_EDGE('',*,*,#879,.F.);
#168=ORIENTED_EDGE('',*,*,#880,.F.);
#169=ORIENTED_EDGE('',*,*,#881,.F.);
#170=ORIENTED_EDGE('',*,*,#882,.F.);
#171=ORIENTED_EDGE('',*,*,#883,.F.);
#172=ORIENTED_EDGE('',*,*,#884,.F.);
#173=ORIENTED_EDGE('',*,*,#885,.F.);
#174=ORIENTED_EDGE('',*,*,#886,.F.);
#175=ORIENTED_EDGE('',*,*,#887,.F.);
#176=ORIENTED_EDGE('',*,*,#888,.F.);
#177=ORIENTED_EDGE('',*,*,#889,.F.);
#178=ORIENTED_EDGE('',*,*,#890,.F.);
#179=ORIENTED_EDGE('',*,*,#891,.F.);
#180=ORIENTED_EDGE('',*,*,#892,.F.);
#181=ORIENTED_EDGE('',*,*,#893,.F.);
#182=ORIENTED_EDGE('',*,*,#894,.T.);
#183=ORIENTED_EDGE('',*,*,#895,.T.);
#184=ORIENTED_EDGE('',*,*,#896,.T.);
#185=ORIENTED_EDGE('',*,*,#897,.T.);
#186=ORIENTED_EDGE('',*,*,#898,.F.);
#187=ORIENTED_EDGE('',*,*,#894,.F.);
#188=ORIENTED_EDGE('',*,*,#899,.T.);
#189=ORIENTED_EDGE('',*,*,#900,.T.);
#190=ORIENTED_EDGE('',*,*,#901,.F.);
#191=ORIENTED_EDGE('',*,*,#895,.F.);
#192=ORIENTED_EDGE('',*,*,#898,.T.);
#193=ORIENTED_EDGE('',*,*,#902,.T.);
#194=ORIENTED_EDGE('',*,*,#903,.T.);
#195=ORIENTED_EDGE('',*,*,#904,.F.);
#196=ORIENTED_EDGE('',*,*,#905,.T.);
#197=ORIENTED_EDGE('',*,*,#904,.T.);
#198=ORIENTED_EDGE('',*,*,#906,.T.);
#199=ORIENTED_EDGE('',*,*,#907,.F.);
#200=ORIENTED_EDGE('',*,*,#908,.F.);
#201=ORIENTED_EDGE('',*,*,#816,.T.);
#202=ORIENTED_EDGE('',*,*,#909,.T.);
#203=ORIENTED_EDGE('',*,*,#910,.F.);
#204=ORIENTED_EDGE('',*,*,#911,.F.);
#205=ORIENTED_EDGE('',*,*,#891,.T.);
#206=ORIENTED_EDGE('',*,*,#912,.T.);
#207=ORIENTED_EDGE('',*,*,#913,.F.);
#208=ORIENTED_EDGE('',*,*,#914,.F.);
#209=ORIENTED_EDGE('',*,*,#892,.T.);
#210=ORIENTED_EDGE('',*,*,#911,.T.);
#211=ORIENTED_EDGE('',*,*,#915,.T.);
#212=ORIENTED_EDGE('',*,*,#916,.T.);
#213=ORIENTED_EDGE('',*,*,#917,.F.);
#214=ORIENTED_EDGE('',*,*,#918,.T.);
#215=ORIENTED_EDGE('',*,*,#917,.T.);
#216=ORIENTED_EDGE('',*,*,#919,.T.);
#217=ORIENTED_EDGE('',*,*,#920,.F.);
#218=ORIENTED_EDGE('',*,*,#921,.F.);
#219=ORIENTED_EDGE('',*,*,#823,.T.);
#220=ORIENTED_EDGE('',*,*,#922,.T.);
#221=ORIENTED_EDGE('',*,*,#923,.F.);
#222=ORIENTED_EDGE('',*,*,#924,.F.);
#223=ORIENTED_EDGE('',*,*,#888,.T.);
#224=ORIENTED_EDGE('',*,*,#925,.T.);
#225=ORIENTED_EDGE('',*,*,#926,.F.);
#226=ORIENTED_EDGE('',*,*,#927,.F.);
#227=ORIENTED_EDGE('',*,*,#889,.T.);
#228=ORIENTED_EDGE('',*,*,#924,.T.);
#229=ORIENTED_EDGE('',*,*,#928,.T.);
#230=ORIENTED_EDGE('',*,*,#929,.T.);
#231=ORIENTED_EDGE('',*,*,#930,.F.);
#232=ORIENTED_EDGE('',*,*,#931,.T.);
#233=ORIENTED_EDGE('',*,*,#930,.T.);
#234=ORIENTED_EDGE('',*,*,#932,.T.);
#235=ORIENTED_EDGE('',*,*,#933,.F.);
#236=ORIENTED_EDGE('',*,*,#934,.F.);
#237=ORIENTED_EDGE('',*,*,#830,.T.);
#238=ORIENTED_EDGE('',*,*,#935,.T.);
#239=ORIENTED_EDGE('',*,*,#936,.F.);
#240=ORIENTED_EDGE('',*,*,#937,.F.);
#241=ORIENTED_EDGE('',*,*,#885,.T.);
#242=ORIENTED_EDGE('',*,*,#938,.T.);
#243=ORIENTED_EDGE('',*,*,#939,.F.);
#244=ORIENTED_EDGE('',*,*,#940,.F.);
#245=ORIENTED_EDGE('',*,*,#886,.T.);
#246=ORIENTED_EDGE('',*,*,#937,.T.);
#247=ORIENTED_EDGE('',*,*,#941,.T.);
#248=ORIENTED_EDGE('',*,*,#942,.T.);
#249=ORIENTED_EDGE('',*,*,#943,.F.);
#250=ORIENTED_EDGE('',*,*,#944,.T.);
#251=ORIENTED_EDGE('',*,*,#943,.T.);
#252=ORIENTED_EDGE('',*,*,#945,.T.);
#253=ORIENTED_EDGE('',*,*,#946,.F.);
#254=ORIENTED_EDGE('',*,*,#947,.F.);
#255=ORIENTED_EDGE('',*,*,#837,.T.);
#256=ORIENTED_EDGE('',*,*,#948,.T.);
#257=ORIENTED_EDGE('',*,*,#949,.F.);
#258=ORIENTED_EDGE('',*,*,#950,.F.);
#259=ORIENTED_EDGE('',*,*,#882,.T.);
#260=ORIENTED_EDGE('',*,*,#951,.T.);
#261=ORIENTED_EDGE('',*,*,#952,.F.);
#262=ORIENTED_EDGE('',*,*,#953,.F.);
#263=ORIENTED_EDGE('',*,*,#883,.T.);
#264=ORIENTED_EDGE('',*,*,#950,.T.);
#265=ORIENTED_EDGE('',*,*,#954,.T.);
#266=ORIENTED_EDGE('',*,*,#955,.T.);
#267=ORIENTED_EDGE('',*,*,#956,.F.);
#268=ORIENTED_EDGE('',*,*,#957,.T.);
#269=ORIENTED_EDGE('',*,*,#956,.T.);
#270=ORIENTED_EDGE('',*,*,#958,.T.);
#271=ORIENTED_EDGE('',*,*,#959,.F.);
#272=ORIENTED_EDGE('',*,*,#960,.F.);
#273=ORIENTED_EDGE('',*,*,#844,.T.);
#274=ORIENTED_EDGE('',*,*,#961,.T.);
#275=ORIENTED_EDGE('',*,*,#962,.F.);
#276=ORIENTED_EDGE('',*,*,#963,.F.);
#277=ORIENTED_EDGE('',*,*,#879,.T.);
#278=ORIENTED_EDGE('',*,*,#964,.T.);
#279=ORIENTED_EDGE('',*,*,#965,.F.);
#280=ORIENTED_EDGE('',*,*,#966,.F.);
#281=ORIENTED_EDGE('',*,*,#880,.T.);
#282=ORIENTED_EDGE('',*,*,#963,.T.);
#283=ORIENTED_EDGE('',*,*,#967,.T.);
#284=ORIENTED_EDGE('',*,*,#968,.T.);
#285=ORIENTED_EDGE('',*,*,#969,.F.);
#286=ORIENTED_EDGE('',*,*,#970,.T.);
#287=ORIENTED_EDGE('',*,*,#969,.T.);
#288=ORIENTED_EDGE('',*,*,#971,.T.);
#289=ORIENTED_EDGE('',*,*,#972,.F.);
#290=ORIENTED_EDGE('',*,*,#973,.F.);
#291=ORIENTED_EDGE('',*,*,#851,.T.);
#292=ORIENTED_EDGE('',*,*,#974,.T.);
#293=ORIENTED_EDGE('',*,*,#975,.T.);
#294=ORIENTED_EDGE('',*,*,#976,.F.);
#295=ORIENTED_EDGE('',*,*,#855,.F.);
#296=ORIENTED_EDGE('',*,*,#977,.T.);
#297=ORIENTED_EDGE('',*,*,#978,.T.);
#298=ORIENTED_EDGE('',*,*,#979,.T.);
#299=ORIENTED_EDGE('',*,*,#980,.F.);
#300=ORIENTED_EDGE('',*,*,#981,.T.);
#301=ORIENTED_EDGE('',*,*,#856,.F.);
#302=ORIENTED_EDGE('',*,*,#976,.T.);
#303=ORIENTED_EDGE('',*,*,#982,.T.);
#304=ORIENTED_EDGE('',*,*,#983,.F.);
#305=ORIENTED_EDGE('',*,*,#872,.F.);
#306=ORIENTED_EDGE('',*,*,#984,.T.);
#307=ORIENTED_EDGE('',*,*,#985,.T.);
#308=ORIENTED_EDGE('',*,*,#986,.F.);
#309=ORIENTED_EDGE('',*,*,#873,.F.);
#310=ORIENTED_EDGE('',*,*,#983,.T.);
#311=ORIENTED_EDGE('',*,*,#987,.T.);
#312=ORIENTED_EDGE('',*,*,#988,.F.);
#313=ORIENTED_EDGE('',*,*,#848,.F.);
#314=ORIENTED_EDGE('',*,*,#989,.T.);
#315=ORIENTED_EDGE('',*,*,#990,.T.);
#316=ORIENTED_EDGE('',*,*,#991,.T.);
#317=ORIENTED_EDGE('',*,*,#992,.F.);
#318=ORIENTED_EDGE('',*,*,#993,.T.);
#319=ORIENTED_EDGE('',*,*,#849,.F.);
#320=ORIENTED_EDGE('',*,*,#988,.T.);
#321=ORIENTED_EDGE('',*,*,#994,.T.);
#322=ORIENTED_EDGE('',*,*,#995,.F.);
#323=ORIENTED_EDGE('',*,*,#869,.F.);
#324=ORIENTED_EDGE('',*,*,#996,.T.);
#325=ORIENTED_EDGE('',*,*,#997,.T.);
#326=ORIENTED_EDGE('',*,*,#998,.F.);
#327=ORIENTED_EDGE('',*,*,#870,.F.);
#328=ORIENTED_EDGE('',*,*,#995,.T.);
#329=ORIENTED_EDGE('',*,*,#999,.T.);
#330=ORIENTED_EDGE('',*,*,#1000,.F.);
#331=ORIENTED_EDGE('',*,*,#841,.F.);
#332=ORIENTED_EDGE('',*,*,#1001,.T.);
#333=ORIENTED_EDGE('',*,*,#1002,.T.);
#334=ORIENTED_EDGE('',*,*,#1003,.T.);
#335=ORIENTED_EDGE('',*,*,#1004,.F.);
#336=ORIENTED_EDGE('',*,*,#1005,.T.);
#337=ORIENTED_EDGE('',*,*,#842,.F.);
#338=ORIENTED_EDGE('',*,*,#1000,.T.);
#339=ORIENTED_EDGE('',*,*,#1006,.T.);
#340=ORIENTED_EDGE('',*,*,#1007,.F.);
#341=ORIENTED_EDGE('',*,*,#866,.F.);
#342=ORIENTED_EDGE('',*,*,#1008,.T.);
#343=ORIENTED_EDGE('',*,*,#1009,.T.);
#344=ORIENTED_EDGE('',*,*,#1010,.F.);
#345=ORIENTED_EDGE('',*,*,#867,.F.);
#346=ORIENTED_EDGE('',*,*,#1007,.T.);
#347=ORIENTED_EDGE('',*,*,#1011,.T.);
#348=ORIENTED_EDGE('',*,*,#1012,.F.);
#349=ORIENTED_EDGE('',*,*,#834,.F.);
#350=ORIENTED_EDGE('',*,*,#1013,.T.);
#351=ORIENTED_EDGE('',*,*,#1014,.T.);
#352=ORIENTED_EDGE('',*,*,#1015,.T.);
#353=ORIENTED_EDGE('',*,*,#1016,.F.);
#354=ORIENTED_EDGE('',*,*,#1017,.T.);
#355=ORIENTED_EDGE('',*,*,#835,.F.);
#356=ORIENTED_EDGE('',*,*,#1012,.T.);
#357=ORIENTED_EDGE('',*,*,#1018,.T.);
#358=ORIENTED_EDGE('',*,*,#1019,.F.);
#359=ORIENTED_EDGE('',*,*,#863,.F.);
#360=ORIENTED_EDGE('',*,*,#1020,.T.);
#361=ORIENTED_EDGE('',*,*,#1021,.T.);
#362=ORIENTED_EDGE('',*,*,#1022,.F.);
#363=ORIENTED_EDGE('',*,*,#864,.F.);
#364=ORIENTED_EDGE('',*,*,#1019,.T.);
#365=ORIENTED_EDGE('',*,*,#1023,.T.);
#366=ORIENTED_EDGE('',*,*,#1024,.F.);
#367=ORIENTED_EDGE('',*,*,#827,.F.);
#368=ORIENTED_EDGE('',*,*,#1025,.T.);
#369=ORIENTED_EDGE('',*,*,#1026,.T.);
#370=ORIENTED_EDGE('',*,*,#1027,.T.);
#371=ORIENTED_EDGE('',*,*,#1028,.F.);
#372=ORIENTED_EDGE('',*,*,#1029,.T.);
#373=ORIENTED_EDGE('',*,*,#828,.F.);
#374=ORIENTED_EDGE('',*,*,#1024,.T.);
#375=ORIENTED_EDGE('',*,*,#1030,.T.);
#376=ORIENTED_EDGE('',*,*,#1031,.F.);
#377=ORIENTED_EDGE('',*,*,#860,.F.);
#378=ORIENTED_EDGE('',*,*,#1032,.T.);
#379=ORIENTED_EDGE('',*,*,#1033,.T.);
#380=ORIENTED_EDGE('',*,*,#1034,.F.);
#381=ORIENTED_EDGE('',*,*,#861,.F.);
#382=ORIENTED_EDGE('',*,*,#1031,.T.);
#383=ORIENTED_EDGE('',*,*,#1035,.T.);
#384=ORIENTED_EDGE('',*,*,#1036,.F.);
#385=ORIENTED_EDGE('',*,*,#820,.F.);
#386=ORIENTED_EDGE('',*,*,#1037,.T.);
#387=ORIENTED_EDGE('',*,*,#1038,.T.);
#388=ORIENTED_EDGE('',*,*,#1039,.T.);
#389=ORIENTED_EDGE('',*,*,#1040,.F.);
#390=ORIENTED_EDGE('',*,*,#1041,.T.);
#391=ORIENTED_EDGE('',*,*,#821,.F.);
#392=ORIENTED_EDGE('',*,*,#1036,.T.);
#393=ORIENTED_EDGE('',*,*,#1042,.T.);
#394=ORIENTED_EDGE('',*,*,#1043,.F.);
#395=ORIENTED_EDGE('',*,*,#813,.F.);
#396=ORIENTED_EDGE('',*,*,#1044,.T.);
#397=ORIENTED_EDGE('',*,*,#1045,.T.);
#398=ORIENTED_EDGE('',*,*,#1046,.T.);
#399=ORIENTED_EDGE('',*,*,#1047,.F.);
#400=ORIENTED_EDGE('',*,*,#1048,.T.);
#401=ORIENTED_EDGE('',*,*,#814,.F.);
#402=ORIENTED_EDGE('',*,*,#1043,.T.);
#403=ORIENTED_EDGE('',*,*,#1049,.T.);
#404=ORIENTED_EDGE('',*,*,#1050,.F.);
#405=ORIENTED_EDGE('',*,*,#807,.F.);
#406=ORIENTED_EDGE('',*,*,#1051,.T.);
#407=ORIENTED_EDGE('',*,*,#1052,.T.);
#408=ORIENTED_EDGE('',*,*,#1053,.F.);
#409=ORIENTED_EDGE('',*,*,#808,.F.);
#410=ORIENTED_EDGE('',*,*,#1050,.T.);
#411=ORIENTED_EDGE('',*,*,#1054,.F.);
#412=ORIENTED_EDGE('',*,*,#1055,.F.);
#413=ORIENTED_EDGE('',*,*,#804,.T.);
#414=ORIENTED_EDGE('',*,*,#1056,.T.);
#415=ORIENTED_EDGE('',*,*,#1057,.F.);
#416=ORIENTED_EDGE('',*,*,#1058,.F.);
#417=ORIENTED_EDGE('',*,*,#805,.T.);
#418=ORIENTED_EDGE('',*,*,#1055,.T.);
#419=ORIENTED_EDGE('',*,*,#1059,.F.);
#420=ORIENTED_EDGE('',*,*,#1060,.T.);
#421=ORIENTED_EDGE('',*,*,#1061,.T.);
#422=ORIENTED_EDGE('',*,*,#1062,.T.);
#423=ORIENTED_EDGE('',*,*,#1063,.F.);
#424=ORIENTED_EDGE('',*,*,#1064,.T.);
#425=ORIENTED_EDGE('',*,*,#1059,.T.);
#426=ORIENTED_EDGE('',*,*,#1065,.T.);
#427=ORIENTED_EDGE('',*,*,#1066,.T.);
#428=ORIENTED_EDGE('',*,*,#1067,.F.);
#429=ORIENTED_EDGE('',*,*,#858,.F.);
#430=ORIENTED_EDGE('',*,*,#1068,.T.);
#431=ORIENTED_EDGE('',*,*,#802,.F.);
#432=ORIENTED_EDGE('',*,*,#1069,.T.);
#433=ORIENTED_EDGE('',*,*,#1070,.F.);
#434=ORIENTED_EDGE('',*,*,#1071,.F.);
#435=ORIENTED_EDGE('',*,*,#1072,.T.);
#436=ORIENTED_EDGE('',*,*,#1073,.F.);
#437=ORIENTED_EDGE('',*,*,#859,.F.);
#438=ORIENTED_EDGE('',*,*,#1067,.T.);
#439=ORIENTED_EDGE('',*,*,#1074,.F.);
#440=ORIENTED_EDGE('',*,*,#1075,.T.);
#441=ORIENTED_EDGE('',*,*,#902,.F.);
#442=ORIENTED_EDGE('',*,*,#1076,.T.);
#443=ORIENTED_EDGE('',*,*,#817,.T.);
#444=ORIENTED_EDGE('',*,*,#908,.T.);
#445=ORIENTED_EDGE('',*,*,#1077,.F.);
#446=ORIENTED_EDGE('',*,*,#912,.F.);
#447=ORIENTED_EDGE('',*,*,#893,.T.);
#448=ORIENTED_EDGE('',*,*,#914,.T.);
#449=ORIENTED_EDGE('',*,*,#1078,.F.);
#450=ORIENTED_EDGE('',*,*,#1079,.T.);
#451=ORIENTED_EDGE('',*,*,#915,.F.);
#452=ORIENTED_EDGE('',*,*,#1080,.T.);
#453=ORIENTED_EDGE('',*,*,#824,.T.);
#454=ORIENTED_EDGE('',*,*,#921,.T.);
#455=ORIENTED_EDGE('',*,*,#1081,.F.);
#456=ORIENTED_EDGE('',*,*,#925,.F.);
#457=ORIENTED_EDGE('',*,*,#890,.T.);
#458=ORIENTED_EDGE('',*,*,#927,.T.);
#459=ORIENTED_EDGE('',*,*,#1082,.F.);
#460=ORIENTED_EDGE('',*,*,#1083,.T.);
#461=ORIENTED_EDGE('',*,*,#928,.F.);
#462=ORIENTED_EDGE('',*,*,#1084,.T.);
#463=ORIENTED_EDGE('',*,*,#831,.T.);
#464=ORIENTED_EDGE('',*,*,#934,.T.);
#465=ORIENTED_EDGE('',*,*,#1085,.F.);
#466=ORIENTED_EDGE('',*,*,#938,.F.);
#467=ORIENTED_EDGE('',*,*,#887,.T.);
#468=ORIENTED_EDGE('',*,*,#940,.T.);
#469=ORIENTED_EDGE('',*,*,#1086,.F.);
#470=ORIENTED_EDGE('',*,*,#1087,.T.);
#471=ORIENTED_EDGE('',*,*,#941,.F.);
#472=ORIENTED_EDGE('',*,*,#1088,.T.);
#473=ORIENTED_EDGE('',*,*,#838,.T.);
#474=ORIENTED_EDGE('',*,*,#947,.T.);
#475=ORIENTED_EDGE('',*,*,#1089,.F.);
#476=ORIENTED_EDGE('',*,*,#951,.F.);
#477=ORIENTED_EDGE('',*,*,#884,.T.);
#478=ORIENTED_EDGE('',*,*,#953,.T.);
#479=ORIENTED_EDGE('',*,*,#1090,.F.);
#480=ORIENTED_EDGE('',*,*,#1091,.T.);
#481=ORIENTED_EDGE('',*,*,#954,.F.);
#482=ORIENTED_EDGE('',*,*,#1092,.T.);
#483=ORIENTED_EDGE('',*,*,#845,.T.);
#484=ORIENTED_EDGE('',*,*,#960,.T.);
#485=ORIENTED_EDGE('',*,*,#1093,.F.);
#486=ORIENTED_EDGE('',*,*,#964,.F.);
#487=ORIENTED_EDGE('',*,*,#881,.T.);
#488=ORIENTED_EDGE('',*,*,#966,.T.);
#489=ORIENTED_EDGE('',*,*,#1094,.F.);
#490=ORIENTED_EDGE('',*,*,#1095,.T.);
#491=ORIENTED_EDGE('',*,*,#967,.F.);
#492=ORIENTED_EDGE('',*,*,#1096,.T.);
#493=ORIENTED_EDGE('',*,*,#852,.T.);
#494=ORIENTED_EDGE('',*,*,#973,.T.);
#495=ORIENTED_EDGE('',*,*,#878,.T.);
#496=ORIENTED_EDGE('',*,*,#1097,.F.);
#497=ORIENTED_EDGE('',*,*,#877,.T.);
#498=ORIENTED_EDGE('',*,*,#1098,.F.);
#499=ORIENTED_EDGE('',*,*,#876,.T.);
#500=ORIENTED_EDGE('',*,*,#1099,.F.);
#501=ORIENTED_EDGE('',*,*,#875,.T.);
#502=ORIENTED_EDGE('',*,*,#1100,.F.);
#503=ORIENTED_EDGE('',*,*,#980,.T.);
#504=ORIENTED_EDGE('',*,*,#1101,.T.);
#505=ORIENTED_EDGE('',*,*,#1102,.T.);
#506=ORIENTED_EDGE('',*,*,#977,.F.);
#507=ORIENTED_EDGE('',*,*,#854,.F.);
#508=ORIENTED_EDGE('',*,*,#1103,.T.);
#509=ORIENTED_EDGE('',*,*,#1104,.T.);
#510=ORIENTED_EDGE('',*,*,#984,.F.);
#511=ORIENTED_EDGE('',*,*,#874,.F.);
#512=ORIENTED_EDGE('',*,*,#986,.T.);
#513=ORIENTED_EDGE('',*,*,#992,.T.);
#514=ORIENTED_EDGE('',*,*,#1105,.T.);
#515=ORIENTED_EDGE('',*,*,#1106,.T.);
#516=ORIENTED_EDGE('',*,*,#989,.F.);
#517=ORIENTED_EDGE('',*,*,#847,.F.);
#518=ORIENTED_EDGE('',*,*,#1107,.T.);
#519=ORIENTED_EDGE('',*,*,#1108,.T.);
#520=ORIENTED_EDGE('',*,*,#996,.F.);
#521=ORIENTED_EDGE('',*,*,#871,.F.);
#522=ORIENTED_EDGE('',*,*,#998,.T.);
#523=ORIENTED_EDGE('',*,*,#1004,.T.);
#524=ORIENTED_EDGE('',*,*,#1109,.T.);
#525=ORIENTED_EDGE('',*,*,#1110,.T.);
#526=ORIENTED_EDGE('',*,*,#1001,.F.);
#527=ORIENTED_EDGE('',*,*,#840,.F.);
#528=ORIENTED_EDGE('',*,*,#1111,.T.);
#529=ORIENTED_EDGE('',*,*,#1112,.T.);
#530=ORIENTED_EDGE('',*,*,#1008,.F.);
#531=ORIENTED_EDGE('',*,*,#868,.F.);
#532=ORIENTED_EDGE('',*,*,#1010,.T.);
#533=ORIENTED_EDGE('',*,*,#1016,.T.);
#534=ORIENTED_EDGE('',*,*,#1113,.T.);
#535=ORIENTED_EDGE('',*,*,#1114,.T.);
#536=ORIENTED_EDGE('',*,*,#1013,.F.);
#537=ORIENTED_EDGE('',*,*,#833,.F.);
#538=ORIENTED_EDGE('',*,*,#1115,.T.);
#539=ORIENTED_EDGE('',*,*,#1116,.T.);
#540=ORIENTED_EDGE('',*,*,#1020,.F.);
#541=ORIENTED_EDGE('',*,*,#865,.F.);
#542=ORIENTED_EDGE('',*,*,#1022,.T.);
#543=ORIENTED_EDGE('',*,*,#1028,.T.);
#544=ORIENTED_EDGE('',*,*,#1117,.T.);
#545=ORIENTED_EDGE('',*,*,#1118,.T.);
#546=ORIENTED_EDGE('',*,*,#1025,.F.);
#547=ORIENTED_EDGE('',*,*,#826,.F.);
#548=ORIENTED_EDGE('',*,*,#1119,.T.);
#549=ORIENTED_EDGE('',*,*,#1120,.T.);
#550=ORIENTED_EDGE('',*,*,#1032,.F.);
#551=ORIENTED_EDGE('',*,*,#862,.F.);
#552=ORIENTED_EDGE('',*,*,#1034,.T.);
#553=ORIENTED_EDGE('',*,*,#1040,.T.);
#554=ORIENTED_EDGE('',*,*,#1121,.T.);
#555=ORIENTED_EDGE('',*,*,#1122,.T.);
#556=ORIENTED_EDGE('',*,*,#1037,.F.);
#557=ORIENTED_EDGE('',*,*,#819,.F.);
#558=ORIENTED_EDGE('',*,*,#1123,.T.);
#559=ORIENTED_EDGE('',*,*,#1047,.T.);
#560=ORIENTED_EDGE('',*,*,#1124,.T.);
#561=ORIENTED_EDGE('',*,*,#1125,.T.);
#562=ORIENTED_EDGE('',*,*,#1044,.F.);
#563=ORIENTED_EDGE('',*,*,#812,.F.);
#564=ORIENTED_EDGE('',*,*,#1126,.T.);
#565=ORIENTED_EDGE('',*,*,#1127,.T.);
#566=ORIENTED_EDGE('',*,*,#1051,.F.);
#567=ORIENTED_EDGE('',*,*,#809,.F.);
#568=ORIENTED_EDGE('',*,*,#1053,.T.);
#569=ORIENTED_EDGE('',*,*,#1128,.F.);
#570=ORIENTED_EDGE('',*,*,#1056,.F.);
#571=ORIENTED_EDGE('',*,*,#806,.T.);
#572=ORIENTED_EDGE('',*,*,#1058,.T.);
#573=ORIENTED_EDGE('',*,*,#1061,.F.);
#574=ORIENTED_EDGE('',*,*,#1129,.T.);
#575=ORIENTED_EDGE('',*,*,#1130,.T.);
#576=ORIENTED_EDGE('',*,*,#1131,.T.);
#577=ORIENTED_EDGE('',*,*,#1132,.T.);
#578=ORIENTED_EDGE('',*,*,#1133,.T.);
#579=ORIENTED_EDGE('',*,*,#800,.T.);
#580=ORIENTED_EDGE('',*,*,#1134,.T.);
#581=ORIENTED_EDGE('',*,*,#810,.T.);
#582=ORIENTED_EDGE('',*,*,#1073,.T.);
#583=ORIENTED_EDGE('',*,*,#1135,.F.);
#584=ORIENTED_EDGE('',*,*,#1136,.T.);
#585=ORIENTED_EDGE('',*,*,#1137,.T.);
#586=ORIENTED_EDGE('',*,*,#899,.F.);
#587=ORIENTED_EDGE('',*,*,#896,.F.);
#588=ORIENTED_EDGE('',*,*,#901,.T.);
#589=ORIENTED_EDGE('',*,*,#1054,.T.);
#590=ORIENTED_EDGE('',*,*,#1128,.T.);
#591=ORIENTED_EDGE('',*,*,#1057,.T.);
#592=ORIENTED_EDGE('',*,*,#1049,.F.);
#593=ORIENTED_EDGE('',*,*,#1127,.F.);
#594=ORIENTED_EDGE('',*,*,#1052,.F.);
#595=ORIENTED_EDGE('',*,*,#1030,.F.);
#596=ORIENTED_EDGE('',*,*,#1120,.F.);
#597=ORIENTED_EDGE('',*,*,#1033,.F.);
#598=ORIENTED_EDGE('',*,*,#1018,.F.);
#599=ORIENTED_EDGE('',*,*,#1116,.F.);
#600=ORIENTED_EDGE('',*,*,#1021,.F.);
#601=ORIENTED_EDGE('',*,*,#1006,.F.);
#602=ORIENTED_EDGE('',*,*,#1112,.F.);
#603=ORIENTED_EDGE('',*,*,#1009,.F.);
#604=ORIENTED_EDGE('',*,*,#994,.F.);
#605=ORIENTED_EDGE('',*,*,#1108,.F.);
#606=ORIENTED_EDGE('',*,*,#997,.F.);
#607=ORIENTED_EDGE('',*,*,#982,.F.);
#608=ORIENTED_EDGE('',*,*,#1104,.F.);
#609=ORIENTED_EDGE('',*,*,#985,.F.);
#610=ORIENTED_EDGE('',*,*,#1066,.F.);
#611=ORIENTED_EDGE('',*,*,#1138,.T.);
#612=ORIENTED_EDGE('',*,*,#978,.F.);
#613=ORIENTED_EDGE('',*,*,#975,.F.);
#614=ORIENTED_EDGE('',*,*,#1102,.F.);
#615=ORIENTED_EDGE('',*,*,#1139,.T.);
#616=ORIENTED_EDGE('',*,*,#1094,.T.);
#617=ORIENTED_EDGE('',*,*,#972,.T.);
#618=ORIENTED_EDGE('',*,*,#1140,.T.);
#619=ORIENTED_EDGE('',*,*,#990,.F.);
#620=ORIENTED_EDGE('',*,*,#987,.F.);
#621=ORIENTED_EDGE('',*,*,#1106,.F.);
#622=ORIENTED_EDGE('',*,*,#1141,.T.);
#623=ORIENTED_EDGE('',*,*,#1090,.T.);
#624=ORIENTED_EDGE('',*,*,#959,.T.);
#625=ORIENTED_EDGE('',*,*,#1142,.T.);
#626=ORIENTED_EDGE('',*,*,#1002,.F.);
#627=ORIENTED_EDGE('',*,*,#999,.F.);
#628=ORIENTED_EDGE('',*,*,#1110,.F.);
#629=ORIENTED_EDGE('',*,*,#1143,.T.);
#630=ORIENTED_EDGE('',*,*,#1086,.T.);
#631=ORIENTED_EDGE('',*,*,#946,.T.);
#632=ORIENTED_EDGE('',*,*,#1144,.T.);
#633=ORIENTED_EDGE('',*,*,#1014,.F.);
#634=ORIENTED_EDGE('',*,*,#1011,.F.);
#635=ORIENTED_EDGE('',*,*,#1114,.F.);
#636=ORIENTED_EDGE('',*,*,#1145,.T.);
#637=ORIENTED_EDGE('',*,*,#1082,.T.);
#638=ORIENTED_EDGE('',*,*,#933,.T.);
#639=ORIENTED_EDGE('',*,*,#1146,.T.);
#640=ORIENTED_EDGE('',*,*,#1026,.F.);
#641=ORIENTED_EDGE('',*,*,#1023,.F.);
#642=ORIENTED_EDGE('',*,*,#1118,.F.);
#643=ORIENTED_EDGE('',*,*,#1147,.T.);
#644=ORIENTED_EDGE('',*,*,#1078,.T.);
#645=ORIENTED_EDGE('',*,*,#920,.T.);
#646=ORIENTED_EDGE('',*,*,#1148,.T.);
#647=ORIENTED_EDGE('',*,*,#1038,.F.);
#648=ORIENTED_EDGE('',*,*,#1035,.F.);
#649=ORIENTED_EDGE('',*,*,#1122,.F.);
#650=ORIENTED_EDGE('',*,*,#1149,.T.);
#651=ORIENTED_EDGE('',*,*,#1074,.T.);
#652=ORIENTED_EDGE('',*,*,#907,.T.);
#653=ORIENTED_EDGE('',*,*,#1150,.T.);
#654=ORIENTED_EDGE('',*,*,#1045,.F.);
#655=ORIENTED_EDGE('',*,*,#1042,.F.);
#656=ORIENTED_EDGE('',*,*,#1125,.F.);
#657=ORIENTED_EDGE('',*,*,#1151,.T.);
#658=ORIENTED_EDGE('',*,*,#1135,.T.);
#659=ORIENTED_EDGE('',*,*,#1072,.F.);
#660=ORIENTED_EDGE('',*,*,#1100,.T.);
#661=ORIENTED_EDGE('',*,*,#1099,.T.);
#662=ORIENTED_EDGE('',*,*,#1098,.T.);
#663=ORIENTED_EDGE('',*,*,#1097,.T.);
#664=ORIENTED_EDGE('',*,*,#962,.T.);
#665=ORIENTED_EDGE('',*,*,#1093,.T.);
#666=ORIENTED_EDGE('',*,*,#965,.T.);
#667=ORIENTED_EDGE('',*,*,#949,.T.);
#668=ORIENTED_EDGE('',*,*,#1089,.T.);
#669=ORIENTED_EDGE('',*,*,#952,.T.);
#670=ORIENTED_EDGE('',*,*,#936,.T.);
#671=ORIENTED_EDGE('',*,*,#1085,.T.);
#672=ORIENTED_EDGE('',*,*,#939,.T.);
#673=ORIENTED_EDGE('',*,*,#923,.T.);
#674=ORIENTED_EDGE('',*,*,#1081,.T.);
#675=ORIENTED_EDGE('',*,*,#926,.T.);
#676=ORIENTED_EDGE('',*,*,#910,.T.);
#677=ORIENTED_EDGE('',*,*,#1077,.T.);
#678=ORIENTED_EDGE('',*,*,#913,.T.);
#679=ORIENTED_EDGE('',*,*,#897,.F.);
#680=ORIENTED_EDGE('',*,*,#1137,.F.);
#681=ORIENTED_EDGE('',*,*,#900,.F.);
#682=ORIENTED_EDGE('',*,*,#1130,.F.);
#683=ORIENTED_EDGE('',*,*,#1152,.T.);
#684=ORIENTED_EDGE('',*,*,#1063,.T.);
#685=ORIENTED_EDGE('',*,*,#1153,.T.);
#686=ORIENTED_EDGE('',*,*,#1070,.T.);
#687=ORIENTED_EDGE('',*,*,#1154,.T.);
#688=ORIENTED_EDGE('',*,*,#1132,.F.);
#689=ORIENTED_EDGE('',*,*,#1155,.F.);
#690=ORIENTED_EDGE('',*,*,#1071,.T.);
#691=ORIENTED_EDGE('',*,*,#1155,.T.);
#692=ORIENTED_EDGE('',*,*,#1131,.F.);
#693=ORIENTED_EDGE('',*,*,#1153,.F.);
#694=ORIENTED_EDGE('',*,*,#1069,.F.);
#695=ORIENTED_EDGE('',*,*,#801,.F.);
#696=ORIENTED_EDGE('',*,*,#1133,.F.);
#697=ORIENTED_EDGE('',*,*,#1154,.F.);
#698=ORIENTED_EDGE('',*,*,#1064,.F.);
#699=ORIENTED_EDGE('',*,*,#1152,.F.);
#700=ORIENTED_EDGE('',*,*,#1129,.F.);
#701=ORIENTED_EDGE('',*,*,#1060,.F.);
#702=ORIENTED_EDGE('',*,*,#1134,.F.);
#703=ORIENTED_EDGE('',*,*,#803,.F.);
#704=ORIENTED_EDGE('',*,*,#1068,.F.);
#705=ORIENTED_EDGE('',*,*,#857,.F.);
#706=ORIENTED_EDGE('',*,*,#981,.F.);
#707=ORIENTED_EDGE('',*,*,#1103,.F.);
#708=ORIENTED_EDGE('',*,*,#853,.F.);
#709=ORIENTED_EDGE('',*,*,#1096,.F.);
#710=ORIENTED_EDGE('',*,*,#970,.F.);
#711=ORIENTED_EDGE('',*,*,#974,.F.);
#712=ORIENTED_EDGE('',*,*,#850,.F.);
#713=ORIENTED_EDGE('',*,*,#993,.F.);
#714=ORIENTED_EDGE('',*,*,#1107,.F.);
#715=ORIENTED_EDGE('',*,*,#846,.F.);
#716=ORIENTED_EDGE('',*,*,#1092,.F.);
#717=ORIENTED_EDGE('',*,*,#957,.F.);
#718=ORIENTED_EDGE('',*,*,#961,.F.);
#719=ORIENTED_EDGE('',*,*,#843,.F.);
#720=ORIENTED_EDGE('',*,*,#1005,.F.);
#721=ORIENTED_EDGE('',*,*,#1111,.F.);
#722=ORIENTED_EDGE('',*,*,#839,.F.);
#723=ORIENTED_EDGE('',*,*,#1088,.F.);
#724=ORIENTED_EDGE('',*,*,#944,.F.);
#725=ORIENTED_EDGE('',*,*,#948,.F.);
#726=ORIENTED_EDGE('',*,*,#836,.F.);
#727=ORIENTED_EDGE('',*,*,#1017,.F.);
#728=ORIENTED_EDGE('',*,*,#1115,.F.);
#729=ORIENTED_EDGE('',*,*,#832,.F.);
#730=ORIENTED_EDGE('',*,*,#1084,.F.);
#731=ORIENTED_EDGE('',*,*,#931,.F.);
#732=ORIENTED_EDGE('',*,*,#935,.F.);
#733=ORIENTED_EDGE('',*,*,#829,.F.);
#734=ORIENTED_EDGE('',*,*,#1029,.F.);
#735=ORIENTED_EDGE('',*,*,#1119,.F.);
#736=ORIENTED_EDGE('',*,*,#825,.F.);
#737=ORIENTED_EDGE('',*,*,#1080,.F.);
#738=ORIENTED_EDGE('',*,*,#918,.F.);
#739=ORIENTED_EDGE('',*,*,#922,.F.);
#740=ORIENTED_EDGE('',*,*,#822,.F.);
#741=ORIENTED_EDGE('',*,*,#1041,.F.);
#742=ORIENTED_EDGE('',*,*,#1123,.F.);
#743=ORIENTED_EDGE('',*,*,#818,.F.);
#744=ORIENTED_EDGE('',*,*,#1076,.F.);
#745=ORIENTED_EDGE('',*,*,#905,.F.);
#746=ORIENTED_EDGE('',*,*,#909,.F.);
#747=ORIENTED_EDGE('',*,*,#815,.F.);
#748=ORIENTED_EDGE('',*,*,#1048,.F.);
#749=ORIENTED_EDGE('',*,*,#1126,.F.);
#750=ORIENTED_EDGE('',*,*,#811,.F.);
#751=ORIENTED_EDGE('',*,*,#1065,.F.);
#752=ORIENTED_EDGE('',*,*,#1062,.F.);
#753=ORIENTED_EDGE('',*,*,#1136,.F.);
#754=ORIENTED_EDGE('',*,*,#1151,.F.);
#755=ORIENTED_EDGE('',*,*,#1124,.F.);
#756=ORIENTED_EDGE('',*,*,#1046,.F.);
#757=ORIENTED_EDGE('',*,*,#1150,.F.);
#758=ORIENTED_EDGE('',*,*,#906,.F.);
#759=ORIENTED_EDGE('',*,*,#903,.F.);
#760=ORIENTED_EDGE('',*,*,#1075,.F.);
#761=ORIENTED_EDGE('',*,*,#1149,.F.);
#762=ORIENTED_EDGE('',*,*,#1121,.F.);
#763=ORIENTED_EDGE('',*,*,#1039,.F.);
#764=ORIENTED_EDGE('',*,*,#1148,.F.);
#765=ORIENTED_EDGE('',*,*,#919,.F.);
#766=ORIENTED_EDGE('',*,*,#916,.F.);
#767=ORIENTED_EDGE('',*,*,#1079,.F.);
#768=ORIENTED_EDGE('',*,*,#1147,.F.);
#769=ORIENTED_EDGE('',*,*,#1117,.F.);
#770=ORIENTED_EDGE('',*,*,#1027,.F.);
#771=ORIENTED_EDGE('',*,*,#1146,.F.);
#772=ORIENTED_EDGE('',*,*,#932,.F.);
#773=ORIENTED_EDGE('',*,*,#929,.F.);
#774=ORIENTED_EDGE('',*,*,#1083,.F.);
#775=ORIENTED_EDGE('',*,*,#1145,.F.);
#776=ORIENTED_EDGE('',*,*,#1113,.F.);
#777=ORIENTED_EDGE('',*,*,#1015,.F.);
#778=ORIENTED_EDGE('',*,*,#1144,.F.);
#779=ORIENTED_EDGE('',*,*,#945,.F.);
#780=ORIENTED_EDGE('',*,*,#942,.F.);
#781=ORIENTED_EDGE('',*,*,#1087,.F.);
#782=ORIENTED_EDGE('',*,*,#1143,.F.);
#783=ORIENTED_EDGE('',*,*,#1109,.F.);
#784=ORIENTED_EDGE('',*,*,#1003,.F.);
#785=ORIENTED_EDGE('',*,*,#1142,.F.);
#786=ORIENTED_EDGE('',*,*,#958,.F.);
#787=ORIENTED_EDGE('',*,*,#955,.F.);
#788=ORIENTED_EDGE('',*,*,#1091,.F.);
#789=ORIENTED_EDGE('',*,*,#1141,.F.);
#790=ORIENTED_EDGE('',*,*,#1105,.F.);
#791=ORIENTED_EDGE('',*,*,#991,.F.);
#792=ORIENTED_EDGE('',*,*,#1140,.F.);
#793=ORIENTED_EDGE('',*,*,#971,.F.);
#794=ORIENTED_EDGE('',*,*,#968,.F.);
#795=ORIENTED_EDGE('',*,*,#1095,.F.);
#796=ORIENTED_EDGE('',*,*,#1139,.F.);
#797=ORIENTED_EDGE('',*,*,#1101,.F.);
#798=ORIENTED_EDGE('',*,*,#979,.F.);
#799=ORIENTED_EDGE('',*,*,#1138,.F.);
#800=EDGE_CURVE('',#1156,#1157,#1396,.T.);
#801=EDGE_CURVE('',#1156,#1158,#1397,.F.);
#802=EDGE_CURVE('',#1158,#1159,#1398,.T.);
#803=EDGE_CURVE('',#1159,#1157,#1399,.F.);
#804=EDGE_CURVE('',#1160,#1161,#1400,.T.);
#805=EDGE_CURVE('',#1162,#1160,#1401,.T.);
#806=EDGE_CURVE('',#1161,#1162,#1402,.T.);
#807=EDGE_CURVE('',#1163,#1164,#1403,.T.);
#808=EDGE_CURVE('',#1164,#1165,#1404,.T.);
#809=EDGE_CURVE('',#1165,#1163,#1405,.T.);
#810=EDGE_CURVE('',#1166,#1167,#1406,.T.);
#811=EDGE_CURVE('',#1166,#1168,#1407,.T.);
#812=EDGE_CURVE('',#1168,#1169,#1408,.T.);
#813=EDGE_CURVE('',#1169,#1170,#1409,.T.);
#814=EDGE_CURVE('',#1170,#1171,#1410,.T.);
#815=EDGE_CURVE('',#1171,#1172,#1411,.T.);
#816=EDGE_CURVE('',#1173,#1172,#1412,.T.);
#817=EDGE_CURVE('',#1174,#1173,#1413,.T.);
#818=EDGE_CURVE('',#1174,#1175,#1414,.T.);
#819=EDGE_CURVE('',#1175,#1176,#1415,.T.);
#820=EDGE_CURVE('',#1176,#1177,#1416,.T.);
#821=EDGE_CURVE('',#1177,#1178,#1417,.T.);
#822=EDGE_CURVE('',#1178,#1179,#1418,.T.);
#823=EDGE_CURVE('',#1180,#1179,#1419,.T.);
#824=EDGE_CURVE('',#1181,#1180,#1420,.T.);
#825=EDGE_CURVE('',#1181,#1182,#1421,.T.);
#826=EDGE_CURVE('',#1182,#1183,#1422,.T.);
#827=EDGE_CURVE('',#1183,#1184,#1423,.T.);
#828=EDGE_CURVE('',#1184,#1185,#1424,.T.);
#829=EDGE_CURVE('',#1185,#1186,#1425,.T.);
#830=EDGE_CURVE('',#1187,#1186,#1426,.T.);
#831=EDGE_CURVE('',#1188,#1187,#1427,.T.);
#832=EDGE_CURVE('',#1188,#1189,#1428,.T.);
#833=EDGE_CURVE('',#1189,#1190,#1429,.T.);
#834=EDGE_CURVE('',#1190,#1191,#1430,.T.);
#835=EDGE_CURVE('',#1191,#1192,#1431,.T.);
#836=EDGE_CURVE('',#1192,#1193,#1432,.T.);
#837=EDGE_CURVE('',#1194,#1193,#1433,.T.);
#838=EDGE_CURVE('',#1195,#1194,#1434,.T.);
#839=EDGE_CURVE('',#1195,#1196,#1435,.T.);
#840=EDGE_CURVE('',#1196,#1197,#1436,.T.);
#841=EDGE_CURVE('',#1197,#1198,#1437,.T.);
#842=EDGE_CURVE('',#1198,#1199,#1438,.T.);
#843=EDGE_CURVE('',#1199,#1200,#1439,.T.);
#844=EDGE_CURVE('',#1201,#1200,#1440,.T.);
#845=EDGE_CURVE('',#1202,#1201,#1441,.T.);
#846=EDGE_CURVE('',#1202,#1203,#1442,.T.);
#847=EDGE_CURVE('',#1203,#1204,#1443,.T.);
#848=EDGE_CURVE('',#1204,#1205,#1444,.T.);
#849=EDGE_CURVE('',#1205,#1206,#1445,.T.);
#850=EDGE_CURVE('',#1206,#1207,#1446,.T.);
#851=EDGE_CURVE('',#1208,#1207,#1447,.T.);
#852=EDGE_CURVE('',#1209,#1208,#1448,.T.);
#853=EDGE_CURVE('',#1209,#1210,#1449,.T.);
#854=EDGE_CURVE('',#1210,#1211,#1450,.T.);
#855=EDGE_CURVE('',#1211,#1212,#1451,.T.);
#856=EDGE_CURVE('',#1212,#1213,#1452,.T.);
#857=EDGE_CURVE('',#1213,#1214,#1453,.T.);
#858=EDGE_CURVE('',#1214,#1215,#1454,.T.);
#859=EDGE_CURVE('',#1215,#1167,#1455,.T.);
#860=EDGE_CURVE('',#1216,#1217,#1456,.T.);
#861=EDGE_CURVE('',#1217,#1218,#1457,.T.);
#862=EDGE_CURVE('',#1218,#1216,#1458,.T.);
#863=EDGE_CURVE('',#1219,#1220,#1459,.T.);
#864=EDGE_CURVE('',#1220,#1221,#1460,.T.);
#865=EDGE_CURVE('',#1221,#1219,#1461,.T.);
#866=EDGE_CURVE('',#1222,#1223,#1462,.T.);
#867=EDGE_CURVE('',#1223,#1224,#1463,.T.);
#868=EDGE_CURVE('',#1224,#1222,#1464,.T.);
#869=EDGE_CURVE('',#1225,#1226,#1465,.T.);
#870=EDGE_CURVE('',#1226,#1227,#1466,.T.);
#871=EDGE_CURVE('',#1227,#1225,#1467,.T.);
#872=EDGE_CURVE('',#1228,#1229,#1468,.T.);
#873=EDGE_CURVE('',#1229,#1230,#1469,.T.);
#874=EDGE_CURVE('',#1230,#1228,#1470,.T.);
#875=EDGE_CURVE('',#1231,#1231,#72,.T.);
#876=EDGE_CURVE('',#1232,#1232,#73,.T.);
#877=EDGE_CURVE('',#1233,#1233,#74,.T.);
#878=EDGE_CURVE('',#1234,#1234,#75,.T.);
#879=EDGE_CURVE('',#1235,#1236,#1471,.T.);
#880=EDGE_CURVE('',#1237,#1235,#1472,.T.);
#881=EDGE_CURVE('',#1236,#1237,#1473,.T.);
#882=EDGE_CURVE('',#1238,#1239,#1474,.T.);
#883=EDGE_CURVE('',#1240,#1238,#1475,.T.);
#884=EDGE_CURVE('',#1239,#1240,#1476,.T.);
#885=EDGE_CURVE('',#1241,#1242,#1477,.T.);
#886=EDGE_CURVE('',#1243,#1241,#1478,.T.);
#887=EDGE_CURVE('',#1242,#1243,#1479,.T.);
#888=EDGE_CURVE('',#1244,#1245,#1480,.T.);
#889=EDGE_CURVE('',#1246,#1244,#1481,.T.);
#890=EDGE_CURVE('',#1245,#1246,#1482,.T.);
#891=EDGE_CURVE('',#1247,#1248,#1483,.T.);
#892=EDGE_CURVE('',#1249,#1247,#1484,.T.);
#893=EDGE_CURVE('',#1248,#1249,#1485,.T.);
#894=EDGE_CURVE('',#1250,#1251,#1486,.T.);
#895=EDGE_CURVE('',#1251,#1252,#1487,.T.);
#896=EDGE_CURVE('',#1252,#1250,#1488,.T.);
#897=EDGE_CURVE('',#1253,#1254,#1489,.T.);
#898=EDGE_CURVE('',#1251,#1254,#1490,.T.);
#899=EDGE_CURVE('',#1250,#1253,#1491,.T.);
#900=EDGE_CURVE('',#1254,#1255,#1492,.T.);
#901=EDGE_CURVE('',#1252,#1255,#1493,.T.);
#902=EDGE_CURVE('',#1256,#1257,#1494,.T.);
#903=EDGE_CURVE('',#1257,#1258,#1495,.F.);
#904=EDGE_CURVE('',#1259,#1258,#1496,.T.);
#905=EDGE_CURVE('',#1259,#1256,#1497,.T.);
#906=EDGE_CURVE('',#1258,#1260,#20,.T.);
#907=EDGE_CURVE('',#1261,#1260,#1498,.T.);
#908=EDGE_CURVE('',#1173,#1261,#1499,.T.);
#909=EDGE_CURVE('',#1172,#1259,#21,.F.);
#910=EDGE_CURVE('',#1262,#1263,#1500,.T.);
#911=EDGE_CURVE('',#1247,#1262,#1501,.T.);
#912=EDGE_CURVE('',#1248,#1263,#1502,.T.);
#913=EDGE_CURVE('',#1264,#1262,#1503,.T.);
#914=EDGE_CURVE('',#1249,#1264,#1504,.T.);
#915=EDGE_CURVE('',#1265,#1266,#1505,.T.);
#916=EDGE_CURVE('',#1266,#1267,#1506,.F.);
#917=EDGE_CURVE('',#1268,#1267,#1507,.T.);
#918=EDGE_CURVE('',#1268,#1265,#1508,.T.);
#919=EDGE_CURVE('',#1267,#1269,#22,.T.);
#920=EDGE_CURVE('',#1270,#1269,#1509,.T.);
#921=EDGE_CURVE('',#1180,#1270,#1510,.T.);
#922=EDGE_CURVE('',#1179,#1268,#23,.F.);
#923=EDGE_CURVE('',#1271,#1272,#1511,.T.);
#924=EDGE_CURVE('',#1244,#1271,#1512,.T.);
#925=EDGE_CURVE('',#1245,#1272,#1513,.T.);
#926=EDGE_CURVE('',#1273,#1271,#1514,.T.);
#927=EDGE_CURVE('',#1246,#1273,#1515,.T.);
#928=EDGE_CURVE('',#1274,#1275,#1516,.T.);
#929=EDGE_CURVE('',#1275,#1276,#1517,.F.);
#930=EDGE_CURVE('',#1277,#1276,#1518,.T.);
#931=EDGE_CURVE('',#1277,#1274,#1519,.T.);
#932=EDGE_CURVE('',#1276,#1278,#24,.T.);
#933=EDGE_CURVE('',#1279,#1278,#1520,.T.);
#934=EDGE_CURVE('',#1187,#1279,#1521,.T.);
#935=EDGE_CURVE('',#1186,#1277,#25,.F.);
#936=EDGE_CURVE('',#1280,#1281,#1522,.T.);
#937=EDGE_CURVE('',#1241,#1280,#1523,.T.);
#938=EDGE_CURVE('',#1242,#1281,#1524,.T.);
#939=EDGE_CURVE('',#1282,#1280,#1525,.T.);
#940=EDGE_CURVE('',#1243,#1282,#1526,.T.);
#941=EDGE_CURVE('',#1283,#1284,#1527,.T.);
#942=EDGE_CURVE('',#1284,#1285,#1528,.F.);
#943=EDGE_CURVE('',#1286,#1285,#1529,.T.);
#944=EDGE_CURVE('',#1286,#1283,#1530,.T.);
#945=EDGE_CURVE('',#1285,#1287,#26,.T.);
#946=EDGE_CURVE('',#1288,#1287,#1531,.T.);
#947=EDGE_CURVE('',#1194,#1288,#1532,.T.);
#948=EDGE_CURVE('',#1193,#1286,#27,.F.);
#949=EDGE_CURVE('',#1289,#1290,#1533,.T.);
#950=EDGE_CURVE('',#1238,#1289,#1534,.T.);
#951=EDGE_CURVE('',#1239,#1290,#1535,.T.);
#952=EDGE_CURVE('',#1291,#1289,#1536,.T.);
#953=EDGE_CURVE('',#1240,#1291,#1537,.T.);
#954=EDGE_CURVE('',#1292,#1293,#1538,.T.);
#955=EDGE_CURVE('',#1293,#1294,#1539,.F.);
#956=EDGE_CURVE('',#1295,#1294,#1540,.T.);
#957=EDGE_CURVE('',#1295,#1292,#1541,.T.);
#958=EDGE_CURVE('',#1294,#1296,#28,.T.);
#959=EDGE_CURVE('',#1297,#1296,#1542,.T.);
#960=EDGE_CURVE('',#1201,#1297,#1543,.T.);
#961=EDGE_CURVE('',#1200,#1295,#29,.F.);
#962=EDGE_CURVE('',#1298,#1299,#1544,.T.);
#963=EDGE_CURVE('',#1235,#1298,#1545,.T.);
#964=EDGE_CURVE('',#1236,#1299,#1546,.T.);
#965=EDGE_CURVE('',#1300,#1298,#1547,.T.);
#966=EDGE_CURVE('',#1237,#1300,#1548,.T.);
#967=EDGE_CURVE('',#1301,#1302,#1549,.T.);
#968=EDGE_CURVE('',#1302,#1303,#1550,.F.);
#969=EDGE_CURVE('',#1304,#1303,#1551,.T.);
#970=EDGE_CURVE('',#1304,#1301,#1552,.T.);
#971=EDGE_CURVE('',#1303,#1305,#30,.T.);
#972=EDGE_CURVE('',#1306,#1305,#1553,.T.);
#973=EDGE_CURVE('',#1208,#1306,#1554,.T.);
#974=EDGE_CURVE('',#1207,#1304,#31,.F.);
#975=EDGE_CURVE('',#1307,#1308,#1555,.T.);
#976=EDGE_CURVE('',#1212,#1308,#1556,.T.);
#977=EDGE_CURVE('',#1211,#1307,#1557,.T.);
#978=EDGE_CURVE('',#1308,#1309,#1558,.T.);
#979=EDGE_CURVE('',#1309,#1310,#32,.F.);
#980=EDGE_CURVE('',#1311,#1310,#1559,.T.);
#981=EDGE_CURVE('',#1311,#1213,#33,.T.);
#982=EDGE_CURVE('',#1312,#1313,#1560,.T.);
#983=EDGE_CURVE('',#1229,#1313,#1561,.T.);
#984=EDGE_CURVE('',#1228,#1312,#1562,.T.);
#985=EDGE_CURVE('',#1313,#1314,#1563,.T.);
#986=EDGE_CURVE('',#1230,#1314,#1564,.T.);
#987=EDGE_CURVE('',#1315,#1316,#1565,.T.);
#988=EDGE_CURVE('',#1205,#1316,#1566,.T.);
#989=EDGE_CURVE('',#1204,#1315,#1567,.T.);
#990=EDGE_CURVE('',#1316,#1317,#1568,.T.);
#991=EDGE_CURVE('',#1317,#1318,#34,.F.);
#992=EDGE_CURVE('',#1319,#1318,#1569,.T.);
#993=EDGE_CURVE('',#1319,#1206,#35,.T.);
#994=EDGE_CURVE('',#1320,#1321,#1570,.T.);
#995=EDGE_CURVE('',#1226,#1321,#1571,.T.);
#996=EDGE_CURVE('',#1225,#1320,#1572,.T.);
#997=EDGE_CURVE('',#1321,#1322,#1573,.T.);
#998=EDGE_CURVE('',#1227,#1322,#1574,.T.);
#999=EDGE_CURVE('',#1323,#1324,#1575,.T.);
#1000=EDGE_CURVE('',#1198,#1324,#1576,.T.);
#1001=EDGE_CURVE('',#1197,#1323,#1577,.T.);
#1002=EDGE_CURVE('',#1324,#1325,#1578,.T.);
#1003=EDGE_CURVE('',#1325,#1326,#36,.F.);
#1004=EDGE_CURVE('',#1327,#1326,#1579,.T.);
#1005=EDGE_CURVE('',#1327,#1199,#37,.T.);
#1006=EDGE_CURVE('',#1328,#1329,#1580,.T.);
#1007=EDGE_CURVE('',#1223,#1329,#1581,.T.);
#1008=EDGE_CURVE('',#1222,#1328,#1582,.T.);
#1009=EDGE_CURVE('',#1329,#1330,#1583,.T.);
#1010=EDGE_CURVE('',#1224,#1330,#1584,.T.);
#1011=EDGE_CURVE('',#1331,#1332,#1585,.T.);
#1012=EDGE_CURVE('',#1191,#1332,#1586,.T.);
#1013=EDGE_CURVE('',#1190,#1331,#1587,.T.);
#1014=EDGE_CURVE('',#1332,#1333,#1588,.T.);
#1015=EDGE_CURVE('',#1333,#1334,#38,.F.);
#1016=EDGE_CURVE('',#1335,#1334,#1589,.T.);
#1017=EDGE_CURVE('',#1335,#1192,#39,.T.);
#1018=EDGE_CURVE('',#1336,#1337,#1590,.T.);
#1019=EDGE_CURVE('',#1220,#1337,#1591,.T.);
#1020=EDGE_CURVE('',#1219,#1336,#1592,.T.);
#1021=EDGE_CURVE('',#1337,#1338,#1593,.T.);
#1022=EDGE_CURVE('',#1221,#1338,#1594,.T.);
#1023=EDGE_CURVE('',#1339,#1340,#1595,.T.);
#1024=EDGE_CURVE('',#1184,#1340,#1596,.T.);
#1025=EDGE_CURVE('',#1183,#1339,#1597,.T.);
#1026=EDGE_CURVE('',#1340,#1341,#1598,.T.);
#1027=EDGE_CURVE('',#1341,#1342,#40,.F.);
#1028=EDGE_CURVE('',#1343,#1342,#1599,.T.);
#1029=EDGE_CURVE('',#1343,#1185,#41,.T.);
#1030=EDGE_CURVE('',#1344,#1345,#1600,.T.);
#1031=EDGE_CURVE('',#1217,#1345,#1601,.T.);
#1032=EDGE_CURVE('',#1216,#1344,#1602,.T.);
#1033=EDGE_CURVE('',#1345,#1346,#1603,.T.);
#1034=EDGE_CURVE('',#1218,#1346,#1604,.T.);
#1035=EDGE_CURVE('',#1347,#1348,#1605,.T.);
#1036=EDGE_CURVE('',#1177,#1348,#1606,.T.);
#1037=EDGE_CURVE('',#1176,#1347,#1607,.T.);
#1038=EDGE_CURVE('',#1348,#1349,#1608,.T.);
#1039=EDGE_CURVE('',#1349,#1350,#42,.F.);
#1040=EDGE_CURVE('',#1351,#1350,#1609,.T.);
#1041=EDGE_CURVE('',#1351,#1178,#43,.T.);
#1042=EDGE_CURVE('',#1352,#1353,#1610,.T.);
#1043=EDGE_CURVE('',#1170,#1353,#1611,.T.);
#1044=EDGE_CURVE('',#1169,#1352,#1612,.T.);
#1045=EDGE_CURVE('',#1353,#1354,#1613,.T.);
#1046=EDGE_CURVE('',#1354,#1355,#44,.F.);
#1047=EDGE_CURVE('',#1356,#1355,#1614,.T.);
#1048=EDGE_CURVE('',#1356,#1171,#45,.T.);
#1049=EDGE_CURVE('',#1357,#1358,#1615,.T.);
#1050=EDGE_CURVE('',#1164,#1358,#1616,.T.);
#1051=EDGE_CURVE('',#1163,#1357,#1617,.T.);
#1052=EDGE_CURVE('',#1358,#1359,#1618,.T.);
#1053=EDGE_CURVE('',#1165,#1359,#1619,.T.);
#1054=EDGE_CURVE('',#1360,#1361,#1620,.T.);
#1055=EDGE_CURVE('',#1160,#1360,#1621,.T.);
#1056=EDGE_CURVE('',#1161,#1361,#1622,.T.);
#1057=EDGE_CURVE('',#1362,#1360,#1623,.T.);
#1058=EDGE_CURVE('',#1162,#1362,#1624,.T.);
#1059=EDGE_CURVE('',#1363,#1364,#1625,.T.);
#1060=EDGE_CURVE('',#1363,#1365,#1626,.T.);
#1061=EDGE_CURVE('',#1365,#1366,#1627,.T.);
#1062=EDGE_CURVE('',#1366,#1364,#1628,.F.);
#1063=EDGE_CURVE('',#1367,#1368,#1629,.T.);
#1064=EDGE_CURVE('',#1367,#1363,#76,.F.);
#1065=EDGE_CURVE('',#1364,#1369,#77,.F.);
#1066=EDGE_CURVE('',#1369,#1370,#1630,.T.);
#1067=EDGE_CURVE('',#1215,#1370,#1631,.T.);
#1068=EDGE_CURVE('',#1214,#1159,#78,.T.);
#1069=EDGE_CURVE('',#1158,#1371,#79,.T.);
#1070=EDGE_CURVE('',#1372,#1371,#1632,.T.);
#1071=EDGE_CURVE('',#1368,#1372,#1633,.T.);
#1072=EDGE_CURVE('',#1370,#1373,#1634,.T.);
#1073=EDGE_CURVE('',#1167,#1373,#1635,.T.);
#1074=EDGE_CURVE('',#1374,#1261,#1636,.T.);
#1075=EDGE_CURVE('',#1374,#1257,#46,.T.);
#1076=EDGE_CURVE('',#1256,#1174,#47,.F.);
#1077=EDGE_CURVE('',#1263,#1264,#1637,.T.);
#1078=EDGE_CURVE('',#1375,#1270,#1638,.T.);
#1079=EDGE_CURVE('',#1375,#1266,#48,.T.);
#1080=EDGE_CURVE('',#1265,#1181,#49,.F.);
#1081=EDGE_CURVE('',#1272,#1273,#1639,.T.);
#1082=EDGE_CURVE('',#1376,#1279,#1640,.T.);
#1083=EDGE_CURVE('',#1376,#1275,#50,.T.);
#1084=EDGE_CURVE('',#1274,#1188,#51,.F.);
#1085=EDGE_CURVE('',#1281,#1282,#1641,.T.);
#1086=EDGE_CURVE('',#1377,#1288,#1642,.T.);
#1087=EDGE_CURVE('',#1377,#1284,#52,.T.);
#1088=EDGE_CURVE('',#1283,#1195,#53,.F.);
#1089=EDGE_CURVE('',#1290,#1291,#1643,.T.);
#1090=EDGE_CURVE('',#1378,#1297,#1644,.T.);
#1091=EDGE_CURVE('',#1378,#1293,#54,.T.);
#1092=EDGE_CURVE('',#1292,#1202,#55,.F.);
#1093=EDGE_CURVE('',#1299,#1300,#1645,.T.);
#1094=EDGE_CURVE('',#1379,#1306,#1646,.T.);
#1095=EDGE_CURVE('',#1379,#1302,#56,.T.);
#1096=EDGE_CURVE('',#1301,#1209,#57,.F.);
#1097=EDGE_CURVE('',#1380,#1380,#80,.T.);
#1098=EDGE_CURVE('',#1381,#1381,#81,.T.);
#1099=EDGE_CURVE('',#1382,#1382,#82,.T.);
#1100=EDGE_CURVE('',#1383,#1383,#83,.T.);
#1101=EDGE_CURVE('',#1310,#1384,#58,.F.);
#1102=EDGE_CURVE('',#1384,#1307,#1647,.T.);
#1103=EDGE_CURVE('',#1210,#1311,#59,.T.);
#1104=EDGE_CURVE('',#1314,#1312,#1648,.T.);
#1105=EDGE_CURVE('',#1318,#1385,#60,.F.);
#1106=EDGE_CURVE('',#1385,#1315,#1649,.T.);
#1107=EDGE_CURVE('',#1203,#1319,#61,.T.);
#1108=EDGE_CURVE('',#1322,#1320,#1650,.T.);
#1109=EDGE_CURVE('',#1326,#1386,#62,.F.);
#1110=EDGE_CURVE('',#1386,#1323,#1651,.T.);
#1111=EDGE_CURVE('',#1196,#1327,#63,.T.);
#1112=EDGE_CURVE('',#1330,#1328,#1652,.T.);
#1113=EDGE_CURVE('',#1334,#1387,#64,.F.);
#1114=EDGE_CURVE('',#1387,#1331,#1653,.T.);
#1115=EDGE_CURVE('',#1189,#1335,#65,.T.);
#1116=EDGE_CURVE('',#1338,#1336,#1654,.T.);
#1117=EDGE_CURVE('',#1342,#1388,#66,.F.);
#1118=EDGE_CURVE('',#1388,#1339,#1655,.T.);
#1119=EDGE_CURVE('',#1182,#1343,#67,.T.);
#1120=EDGE_CURVE('',#1346,#1344,#1656,.T.);
#1121=EDGE_CURVE('',#1350,#1389,#68,.F.);
#1122=EDGE_CURVE('',#1389,#1347,#1657,.T.);
#1123=EDGE_CURVE('',#1175,#1351,#69,.T.);
#1124=EDGE_CURVE('',#1355,#1390,#70,.F.);
#1125=EDGE_CURVE('',#1390,#1352,#1658,.T.);
#1126=EDGE_CURVE('',#1168,#1356,#71,.T.);
#1127=EDGE_CURVE('',#1359,#1357,#1659,.T.);
#1128=EDGE_CURVE('',#1361,#1362,#1660,.T.);
#1129=EDGE_CURVE('',#1365,#1391,#84,.T.);
#1130=EDGE_CURVE('',#1391,#1392,#1661,.T.);
#1131=EDGE_CURVE('',#1392,#1393,#1662,.T.);
#1132=EDGE_CURVE('',#1393,#1394,#1663,.T.);
#1133=EDGE_CURVE('',#1394,#1156,#85,.F.);
#1134=EDGE_CURVE('',#1157,#1166,#86,.F.);
#1135=EDGE_CURVE('',#1395,#1373,#1664,.T.);
#1136=EDGE_CURVE('',#1395,#1366,#87,.T.);
#1137=EDGE_CURVE('',#1255,#1253,#1665,.T.);
#1138=EDGE_CURVE('',#1369,#1309,#1666,.T.);
#1139=EDGE_CURVE('',#1384,#1379,#1667,.T.);
#1140=EDGE_CURVE('',#1305,#1317,#1668,.T.);
#1141=EDGE_CURVE('',#1385,#1378,#1669,.T.);
#1142=EDGE_CURVE('',#1296,#1325,#1670,.T.);
#1143=EDGE_CURVE('',#1386,#1377,#1671,.T.);
#1144=EDGE_CURVE('',#1287,#1333,#1672,.T.);
#1145=EDGE_CURVE('',#1387,#1376,#1673,.T.);
#1146=EDGE_CURVE('',#1278,#1341,#1674,.T.);
#1147=EDGE_CURVE('',#1388,#1375,#1675,.T.);
#1148=EDGE_CURVE('',#1269,#1349,#1676,.T.);
#1149=EDGE_CURVE('',#1389,#1374,#1677,.T.);
#1150=EDGE_CURVE('',#1260,#1354,#1678,.T.);
#1151=EDGE_CURVE('',#1390,#1395,#1679,.T.);
#1152=EDGE_CURVE('',#1391,#1367,#1680,.F.);
#1153=EDGE_CURVE('',#1368,#1392,#1681,.T.);
#1154=EDGE_CURVE('',#1371,#1394,#1682,.T.);
#1155=EDGE_CURVE('',#1372,#1393,#1683,.T.);
#1156=VERTEX_POINT('',#3222);
#1157=VERTEX_POINT('',#3223);
#1158=VERTEX_POINT('',#3225);
#1159=VERTEX_POINT('',#3227);
#1160=VERTEX_POINT('',#3231);
#1161=VERTEX_POINT('',#3232);
#1162=VERTEX_POINT('',#3234);
#1163=VERTEX_POINT('',#3237);
#1164=VERTEX_POINT('',#3238);
#1165=VERTEX_POINT('',#3240);
#1166=VERTEX_POINT('',#3243);
#1167=VERTEX_POINT('',#3244);
#1168=VERTEX_POINT('',#3246);
#1169=VERTEX_POINT('',#3248);
#1170=VERTEX_POINT('',#3250);
#1171=VERTEX_POINT('',#3252);
#1172=VERTEX_POINT('',#3254);
#1173=VERTEX_POINT('',#3256);
#1174=VERTEX_POINT('',#3258);
#1175=VERTEX_POINT('',#3260);
#1176=VERTEX_POINT('',#3262);
#1177=VERTEX_POINT('',#3264);
#1178=VERTEX_POINT('',#3266);
#1179=VERTEX_POINT('',#3268);
#1180=VERTEX_POINT('',#3270);
#1181=VERTEX_POINT('',#3272);
#1182=VERTEX_POINT('',#3274);
#1183=VERTEX_POINT('',#3276);
#1184=VERTEX_POINT('',#3278);
#1185=VERTEX_POINT('',#3280);
#1186=VERTEX_POINT('',#3282);
#1187=VERTEX_POINT('',#3284);
#1188=VERTEX_POINT('',#3286);
#1189=VERTEX_POINT('',#3288);
#1190=VERTEX_POINT('',#3290);
#1191=VERTEX_POINT('',#3292);
#1192=VERTEX_POINT('',#3294);
#1193=VERTEX_POINT('',#3296);
#1194=VERTEX_POINT('',#3298);
#1195=VERTEX_POINT('',#3300);
#1196=VERTEX_POINT('',#3302);
#1197=VERTEX_POINT('',#3304);
#1198=VERTEX_POINT('',#3306);
#1199=VERTEX_POINT('',#3308);
#1200=VERTEX_POINT('',#3310);
#1201=VERTEX_POINT('',#3312);
#1202=VERTEX_POINT('',#3314);
#1203=VERTEX_POINT('',#3316);
#1204=VERTEX_POINT('',#3318);
#1205=VERTEX_POINT('',#3320);
#1206=VERTEX_POINT('',#3322);
#1207=VERTEX_POINT('',#3324);
#1208=VERTEX_POINT('',#3326);
#1209=VERTEX_POINT('',#3328);
#1210=VERTEX_POINT('',#3330);
#1211=VERTEX_POINT('',#3332);
#1212=VERTEX_POINT('',#3334);
#1213=VERTEX_POINT('',#3336);
#1214=VERTEX_POINT('',#3338);
#1215=VERTEX_POINT('',#3340);
#1216=VERTEX_POINT('',#3343);
#1217=VERTEX_POINT('',#3344);
#1218=VERTEX_POINT('',#3346);
#1219=VERTEX_POINT('',#3349);
#1220=VERTEX_POINT('',#3350);
#1221=VERTEX_POINT('',#3352);
#1222=VERTEX_POINT('',#3355);
#1223=VERTEX_POINT('',#3356);
#1224=VERTEX_POINT('',#3358);
#1225=VERTEX_POINT('',#3361);
#1226=VERTEX_POINT('',#3362);
#1227=VERTEX_POINT('',#3364);
#1228=VERTEX_POINT('',#3367);
#1229=VERTEX_POINT('',#3368);
#1230=VERTEX_POINT('',#3370);
#1231=VERTEX_POINT('',#3373);
#1232=VERTEX_POINT('',#3375);
#1233=VERTEX_POINT('',#3377);
#1234=VERTEX_POINT('',#3379);
#1235=VERTEX_POINT('',#3381);
#1236=VERTEX_POINT('',#3382);
#1237=VERTEX_POINT('',#3384);
#1238=VERTEX_POINT('',#3387);
#1239=VERTEX_POINT('',#3388);
#1240=VERTEX_POINT('',#3390);
#1241=VERTEX_POINT('',#3393);
#1242=VERTEX_POINT('',#3394);
#1243=VERTEX_POINT('',#3396);
#1244=VERTEX_POINT('',#3399);
#1245=VERTEX_POINT('',#3400);
#1246=VERTEX_POINT('',#3402);
#1247=VERTEX_POINT('',#3405);
#1248=VERTEX_POINT('',#3406);
#1249=VERTEX_POINT('',#3408);
#1250=VERTEX_POINT('',#3411);
#1251=VERTEX_POINT('',#3412);
#1252=VERTEX_POINT('',#3414);
#1253=VERTEX_POINT('',#3418);
#1254=VERTEX_POINT('',#3419);
#1255=VERTEX_POINT('',#3424);
#1256=VERTEX_POINT('',#3428);
#1257=VERTEX_POINT('',#3429);
#1258=VERTEX_POINT('',#3431);
#1259=VERTEX_POINT('',#3433);
#1260=VERTEX_POINT('',#3437);
#1261=VERTEX_POINT('',#3439);
#1262=VERTEX_POINT('',#3444);
#1263=VERTEX_POINT('',#3445);
#1264=VERTEX_POINT('',#3450);
#1265=VERTEX_POINT('',#3454);
#1266=VERTEX_POINT('',#3455);
#1267=VERTEX_POINT('',#3457);
#1268=VERTEX_POINT('',#3459);
#1269=VERTEX_POINT('',#3463);
#1270=VERTEX_POINT('',#3465);
#1271=VERTEX_POINT('',#3470);
#1272=VERTEX_POINT('',#3471);
#1273=VERTEX_POINT('',#3476);
#1274=VERTEX_POINT('',#3480);
#1275=VERTEX_POINT('',#3481);
#1276=VERTEX_POINT('',#3483);
#1277=VERTEX_POINT('',#3485);
#1278=VERTEX_POINT('',#3489);
#1279=VERTEX_POINT('',#3491);
#1280=VERTEX_POINT('',#3496);
#1281=VERTEX_POINT('',#3497);
#1282=VERTEX_POINT('',#3502);
#1283=VERTEX_POINT('',#3506);
#1284=VERTEX_POINT('',#3507);
#1285=VERTEX_POINT('',#3509);
#1286=VERTEX_POINT('',#3511);
#1287=VERTEX_POINT('',#3515);
#1288=VERTEX_POINT('',#3517);
#1289=VERTEX_POINT('',#3522);
#1290=VERTEX_POINT('',#3523);
#1291=VERTEX_POINT('',#3528);
#1292=VERTEX_POINT('',#3532);
#1293=VERTEX_POINT('',#3533);
#1294=VERTEX_POINT('',#3535);
#1295=VERTEX_POINT('',#3537);
#1296=VERTEX_POINT('',#3541);
#1297=VERTEX_POINT('',#3543);
#1298=VERTEX_POINT('',#3548);
#1299=VERTEX_POINT('',#3549);
#1300=VERTEX_POINT('',#3554);
#1301=VERTEX_POINT('',#3558);
#1302=VERTEX_POINT('',#3559);
#1303=VERTEX_POINT('',#3561);
#1304=VERTEX_POINT('',#3563);
#1305=VERTEX_POINT('',#3567);
#1306=VERTEX_POINT('',#3569);
#1307=VERTEX_POINT('',#3574);
#1308=VERTEX_POINT('',#3575);
#1309=VERTEX_POINT('',#3580);
#1310=VERTEX_POINT('',#3582);
#1311=VERTEX_POINT('',#3584);
#1312=VERTEX_POINT('',#3588);
#1313=VERTEX_POINT('',#3589);
#1314=VERTEX_POINT('',#3594);
#1315=VERTEX_POINT('',#3598);
#1316=VERTEX_POINT('',#3599);
#1317=VERTEX_POINT('',#3604);
#1318=VERTEX_POINT('',#3606);
#1319=VERTEX_POINT('',#3608);
#1320=VERTEX_POINT('',#3612);
#1321=VERTEX_POINT('',#3613);
#1322=VERTEX_POINT('',#3618);
#1323=VERTEX_POINT('',#3622);
#1324=VERTEX_POINT('',#3623);
#1325=VERTEX_POINT('',#3628);
#1326=VERTEX_POINT('',#3630);
#1327=VERTEX_POINT('',#3632);
#1328=VERTEX_POINT('',#3636);
#1329=VERTEX_POINT('',#3637);
#1330=VERTEX_POINT('',#3642);
#1331=VERTEX_POINT('',#3646);
#1332=VERTEX_POINT('',#3647);
#1333=VERTEX_POINT('',#3652);
#1334=VERTEX_POINT('',#3654);
#1335=VERTEX_POINT('',#3656);
#1336=VERTEX_POINT('',#3660);
#1337=VERTEX_POINT('',#3661);
#1338=VERTEX_POINT('',#3666);
#1339=VERTEX_POINT('',#3670);
#1340=VERTEX_POINT('',#3671);
#1341=VERTEX_POINT('',#3676);
#1342=VERTEX_POINT('',#3678);
#1343=VERTEX_POINT('',#3680);
#1344=VERTEX_POINT('',#3684);
#1345=VERTEX_POINT('',#3685);
#1346=VERTEX_POINT('',#3690);
#1347=VERTEX_POINT('',#3694);
#1348=VERTEX_POINT('',#3695);
#1349=VERTEX_POINT('',#3700);
#1350=VERTEX_POINT('',#3702);
#1351=VERTEX_POINT('',#3704);
#1352=VERTEX_POINT('',#3708);
#1353=VERTEX_POINT('',#3709);
#1354=VERTEX_POINT('',#3714);
#1355=VERTEX_POINT('',#3716);
#1356=VERTEX_POINT('',#3718);
#1357=VERTEX_POINT('',#3722);
#1358=VERTEX_POINT('',#3723);
#1359=VERTEX_POINT('',#3728);
#1360=VERTEX_POINT('',#3732);
#1361=VERTEX_POINT('',#3733);
#1362=VERTEX_POINT('',#3738);
#1363=VERTEX_POINT('',#3742);
#1364=VERTEX_POINT('',#3743);
#1365=VERTEX_POINT('',#3745);
#1366=VERTEX_POINT('',#3747);
#1367=VERTEX_POINT('',#3751);
#1368=VERTEX_POINT('',#3752);
#1369=VERTEX_POINT('',#3755);
#1370=VERTEX_POINT('',#3757);
#1371=VERTEX_POINT('',#3761);
#1372=VERTEX_POINT('',#3763);
#1373=VERTEX_POINT('',#3767);
#1374=VERTEX_POINT('',#3771);
#1375=VERTEX_POINT('',#3778);
#1376=VERTEX_POINT('',#3785);
#1377=VERTEX_POINT('',#3792);
#1378=VERTEX_POINT('',#3799);
#1379=VERTEX_POINT('',#3806);
#1380=VERTEX_POINT('',#3811);
#1381=VERTEX_POINT('',#3814);
#1382=VERTEX_POINT('',#3817);
#1383=VERTEX_POINT('',#3820);
#1384=VERTEX_POINT('',#3823);
#1385=VERTEX_POINT('',#3830);
#1386=VERTEX_POINT('',#3837);
#1387=VERTEX_POINT('',#3844);
#1388=VERTEX_POINT('',#3851);
#1389=VERTEX_POINT('',#3858);
#1390=VERTEX_POINT('',#3863);
#1391=VERTEX_POINT('',#3872);
#1392=VERTEX_POINT('',#3874);
#1393=VERTEX_POINT('',#3876);
#1394=VERTEX_POINT('',#3878);
#1395=VERTEX_POINT('',#3882);
#1396=LINE('',#3221,#1684);
#1397=LINE('',#3224,#1685);
#1398=LINE('',#3226,#1686);
#1399=LINE('',#3228,#1687);
#1400=LINE('',#3230,#1688);
#1401=LINE('',#3233,#1689);
#1402=LINE('',#3235,#1690);
#1403=LINE('',#3236,#1691);
#1404=LINE('',#3239,#1692);
#1405=LINE('',#3241,#1693);
#1406=LINE('',#3242,#1694);
#1407=LINE('',#3245,#1695);
#1408=LINE('',#3247,#1696);
#1409=LINE('',#3249,#1697);
#1410=LINE('',#3251,#1698);
#1411=LINE('',#3253,#1699);
#1412=LINE('',#3255,#1700);
#1413=LINE('',#3257,#1701);
#1414=LINE('',#3259,#1702);
#1415=LINE('',#3261,#1703);
#1416=LINE('',#3263,#1704);
#1417=LINE('',#3265,#1705);
#1418=LINE('',#3267,#1706);
#1419=LINE('',#3269,#1707);
#1420=LINE('',#3271,#1708);
#1421=LINE('',#3273,#1709);
#1422=LINE('',#3275,#1710);
#1423=LINE('',#3277,#1711);
#1424=LINE('',#3279,#1712);
#1425=LINE('',#3281,#1713);
#1426=LINE('',#3283,#1714);
#1427=LINE('',#3285,#1715);
#1428=LINE('',#3287,#1716);
#1429=LINE('',#3289,#1717);
#1430=LINE('',#3291,#1718);
#1431=LINE('',#3293,#1719);
#1432=LINE('',#3295,#1720);
#1433=LINE('',#3297,#1721);
#1434=LINE('',#3299,#1722);
#1435=LINE('',#3301,#1723);
#1436=LINE('',#3303,#1724);
#1437=LINE('',#3305,#1725);
#1438=LINE('',#3307,#1726);
#1439=LINE('',#3309,#1727);
#1440=LINE('',#3311,#1728);
#1441=LINE('',#3313,#1729);
#1442=LINE('',#3315,#1730);
#1443=LINE('',#3317,#1731);
#1444=LINE('',#3319,#1732);
#1445=LINE('',#3321,#1733);
#1446=LINE('',#3323,#1734);
#1447=LINE('',#3325,#1735);
#1448=LINE('',#3327,#1736);
#1449=LINE('',#3329,#1737);
#1450=LINE('',#3331,#1738);
#1451=LINE('',#3333,#1739);
#1452=LINE('',#3335,#1740);
#1453=LINE('',#3337,#1741);
#1454=LINE('',#3339,#1742);
#1455=LINE('',#3341,#1743);
#1456=LINE('',#3342,#1744);
#1457=LINE('',#3345,#1745);
#1458=LINE('',#3347,#1746);
#1459=LINE('',#3348,#1747);
#1460=LINE('',#3351,#1748);
#1461=LINE('',#3353,#1749);
#1462=LINE('',#3354,#1750);
#1463=LINE('',#3357,#1751);
#1464=LINE('',#3359,#1752);
#1465=LINE('',#3360,#1753);
#1466=LINE('',#3363,#1754);
#1467=LINE('',#3365,#1755);
#1468=LINE('',#3366,#1756);
#1469=LINE('',#3369,#1757);
#1470=LINE('',#3371,#1758);
#1471=LINE('',#3380,#1759);
#1472=LINE('',#3383,#1760);
#1473=LINE('',#3385,#1761);
#1474=LINE('',#3386,#1762);
#1475=LINE('',#3389,#1763);
#1476=LINE('',#3391,#1764);
#1477=LINE('',#3392,#1765);
#1478=LINE('',#3395,#1766);
#1479=LINE('',#3397,#1767);
#1480=LINE('',#3398,#1768);
#1481=LINE('',#3401,#1769);
#1482=LINE('',#3403,#1770);
#1483=LINE('',#3404,#1771);
#1484=LINE('',#3407,#1772);
#1485=LINE('',#3409,#1773);
#1486=LINE('',#3410,#1774);
#1487=LINE('',#3413,#1775);
#1488=LINE('',#3415,#1776);
#1489=LINE('',#3417,#1777);
#1490=LINE('',#3420,#1778);
#1491=LINE('',#3421,#1779);
#1492=LINE('',#3423,#1780);
#1493=LINE('',#3425,#1781);
#1494=LINE('',#3427,#1782);
#1495=LINE('',#3430,#1783);
#1496=LINE('',#3432,#1784);
#1497=LINE('',#3434,#1785);
#1498=LINE('',#3438,#1786);
#1499=LINE('',#3440,#1787);
#1500=LINE('',#3443,#1788);
#1501=LINE('',#3446,#1789);
#1502=LINE('',#3447,#1790);
#1503=LINE('',#3449,#1791);
#1504=LINE('',#3451,#1792);
#1505=LINE('',#3453,#1793);
#1506=LINE('',#3456,#1794);
#1507=LINE('',#3458,#1795);
#1508=LINE('',#3460,#1796);
#1509=LINE('',#3464,#1797);
#1510=LINE('',#3466,#1798);
#1511=LINE('',#3469,#1799);
#1512=LINE('',#3472,#1800);
#1513=LINE('',#3473,#1801);
#1514=LINE('',#3475,#1802);
#1515=LINE('',#3477,#1803);
#1516=LINE('',#3479,#1804);
#1517=LINE('',#3482,#1805);
#1518=LINE('',#3484,#1806);
#1519=LINE('',#3486,#1807);
#1520=LINE('',#3490,#1808);
#1521=LINE('',#3492,#1809);
#1522=LINE('',#3495,#1810);
#1523=LINE('',#3498,#1811);
#1524=LINE('',#3499,#1812);
#1525=LINE('',#3501,#1813);
#1526=LINE('',#3503,#1814);
#1527=LINE('',#3505,#1815);
#1528=LINE('',#3508,#1816);
#1529=LINE('',#3510,#1817);
#1530=LINE('',#3512,#1818);
#1531=LINE('',#3516,#1819);
#1532=LINE('',#3518,#1820);
#1533=LINE('',#3521,#1821);
#1534=LINE('',#3524,#1822);
#1535=LINE('',#3525,#1823);
#1536=LINE('',#3527,#1824);
#1537=LINE('',#3529,#1825);
#1538=LINE('',#3531,#1826);
#1539=LINE('',#3534,#1827);
#1540=LINE('',#3536,#1828);
#1541=LINE('',#3538,#1829);
#1542=LINE('',#3542,#1830);
#1543=LINE('',#3544,#1831);
#1544=LINE('',#3547,#1832);
#1545=LINE('',#3550,#1833);
#1546=LINE('',#3551,#1834);
#1547=LINE('',#3553,#1835);
#1548=LINE('',#3555,#1836);
#1549=LINE('',#3557,#1837);
#1550=LINE('',#3560,#1838);
#1551=LINE('',#3562,#1839);
#1552=LINE('',#3564,#1840);
#1553=LINE('',#3568,#1841);
#1554=LINE('',#3570,#1842);
#1555=LINE('',#3573,#1843);
#1556=LINE('',#3576,#1844);
#1557=LINE('',#3577,#1845);
#1558=LINE('',#3579,#1846);
#1559=LINE('',#3583,#1847);
#1560=LINE('',#3587,#1848);
#1561=LINE('',#3590,#1849);
#1562=LINE('',#3591,#1850);
#1563=LINE('',#3593,#1851);
#1564=LINE('',#3595,#1852);
#1565=LINE('',#3597,#1853);
#1566=LINE('',#3600,#1854);
#1567=LINE('',#3601,#1855);
#1568=LINE('',#3603,#1856);
#1569=LINE('',#3607,#1857);
#1570=LINE('',#3611,#1858);
#1571=LINE('',#3614,#1859);
#1572=LINE('',#3615,#1860);
#1573=LINE('',#3617,#1861);
#1574=LINE('',#3619,#1862);
#1575=LINE('',#3621,#1863);
#1576=LINE('',#3624,#1864);
#1577=LINE('',#3625,#1865);
#1578=LINE('',#3627,#1866);
#1579=LINE('',#3631,#1867);
#1580=LINE('',#3635,#1868);
#1581=LINE('',#3638,#1869);
#1582=LINE('',#3639,#1870);
#1583=LINE('',#3641,#1871);
#1584=LINE('',#3643,#1872);
#1585=LINE('',#3645,#1873);
#1586=LINE('',#3648,#1874);
#1587=LINE('',#3649,#1875);
#1588=LINE('',#3651,#1876);
#1589=LINE('',#3655,#1877);
#1590=LINE('',#3659,#1878);
#1591=LINE('',#3662,#1879);
#1592=LINE('',#3663,#1880);
#1593=LINE('',#3665,#1881);
#1594=LINE('',#3667,#1882);
#1595=LINE('',#3669,#1883);
#1596=LINE('',#3672,#1884);
#1597=LINE('',#3673,#1885);
#1598=LINE('',#3675,#1886);
#1599=LINE('',#3679,#1887);
#1600=LINE('',#3683,#1888);
#1601=LINE('',#3686,#1889);
#1602=LINE('',#3687,#1890);
#1603=LINE('',#3689,#1891);
#1604=LINE('',#3691,#1892);
#1605=LINE('',#3693,#1893);
#1606=LINE('',#3696,#1894);
#1607=LINE('',#3697,#1895);
#1608=LINE('',#3699,#1896);
#1609=LINE('',#3703,#1897);
#1610=LINE('',#3707,#1898);
#1611=LINE('',#3710,#1899);
#1612=LINE('',#3711,#1900);
#1613=LINE('',#3713,#1901);
#1614=LINE('',#3717,#1902);
#1615=LINE('',#3721,#1903);
#1616=LINE('',#3724,#1904);
#1617=LINE('',#3725,#1905);
#1618=LINE('',#3727,#1906);
#1619=LINE('',#3729,#1907);
#1620=LINE('',#3731,#1908);
#1621=LINE('',#3734,#1909);
#1622=LINE('',#3735,#1910);
#1623=LINE('',#3737,#1911);
#1624=LINE('',#3739,#1912);
#1625=LINE('',#3741,#1913);
#1626=LINE('',#3744,#1914);
#1627=LINE('',#3746,#1915);
#1628=LINE('',#3748,#1916);
#1629=LINE('',#3750,#1917);
#1630=LINE('',#3756,#1918);
#1631=LINE('',#3758,#1919);
#1632=LINE('',#3762,#1920);
#1633=LINE('',#3764,#1921);
#1634=LINE('',#3766,#1922);
#1635=LINE('',#3768,#1923);
#1636=LINE('',#3770,#1924);
#1637=LINE('',#3775,#1925);
#1638=LINE('',#3777,#1926);
#1639=LINE('',#3782,#1927);
#1640=LINE('',#3784,#1928);
#1641=LINE('',#3789,#1929);
#1642=LINE('',#3791,#1930);
#1643=LINE('',#3796,#1931);
#1644=LINE('',#3798,#1932);
#1645=LINE('',#3803,#1933);
#1646=LINE('',#3805,#1934);
#1647=LINE('',#3824,#1935);
#1648=LINE('',#3827,#1936);
#1649=LINE('',#3831,#1937);
#1650=LINE('',#3834,#1938);
#1651=LINE('',#3838,#1939);
#1652=LINE('',#3841,#1940);
#1653=LINE('',#3845,#1941);
#1654=LINE('',#3848,#1942);
#1655=LINE('',#3852,#1943);
#1656=LINE('',#3855,#1944);
#1657=LINE('',#3859,#1945);
#1658=LINE('',#3864,#1946);
#1659=LINE('',#3867,#1947);
#1660=LINE('',#3869,#1948);
#1661=LINE('',#3873,#1949);
#1662=LINE('',#3875,#1950);
#1663=LINE('',#3877,#1951);
#1664=LINE('',#3881,#1952);
#1665=LINE('',#3885,#1953);
#1666=LINE('',#3887,#1954);
#1667=LINE('',#3888,#1955);
#1668=LINE('',#3889,#1956);
#1669=LINE('',#3890,#1957);
#1670=LINE('',#3891,#1958);
#1671=LINE('',#3892,#1959);
#1672=LINE('',#3893,#1960);
#1673=LINE('',#3894,#1961);
#1674=LINE('',#3895,#1962);
#1675=LINE('',#3896,#1963);
#1676=LINE('',#3897,#1964);
#1677=LINE('',#3898,#1965);
#1678=LINE('',#3899,#1966);
#1679=LINE('',#3900,#1967);
#1680=LINE('',#3902,#1968);
#1681=LINE('',#3903,#1969);
#1682=LINE('',#3905,#1970);
#1683=LINE('',#3906,#1971);
#1684=VECTOR('',#2605,1.);
#1685=VECTOR('',#2606,1.);
#1686=VECTOR('',#2607,1.);
#1687=VECTOR('',#2608,1.);
#1688=VECTOR('',#2611,1.);
#1689=VECTOR('',#2612,1.);
#1690=VECTOR('',#2613,1.);
#1691=VECTOR('',#2614,1.);
#1692=VECTOR('',#2615,1.);
#1693=VECTOR('',#2616,1.);
#1694=VECTOR('',#2617,1.);
#1695=VECTOR('',#2618,1.);
#1696=VECTOR('',#2619,1.);
#1697=VECTOR('',#2620,1.);
#1698=VECTOR('',#2621,1.);
#1699=VECTOR('',#2622,1.);
#1700=VECTOR('',#2623,1.);
#1701=VECTOR('',#2624,1.);
#1702=VECTOR('',#2625,1.);
#1703=VECTOR('',#2626,1.);
#1704=VECTOR('',#2627,1.);
#1705=VECTOR('',#2628,1.);
#1706=VECTOR('',#2629,1.);
#1707=VECTOR('',#2630,1.);
#1708=VECTOR('',#2631,1.);
#1709=VECTOR('',#2632,1.);
#1710=VECTOR('',#2633,1.);
#1711=VECTOR('',#2634,1.);
#1712=VECTOR('',#2635,1.);
#1713=VECTOR('',#2636,1.);
#1714=VECTOR('',#2637,1.);
#1715=VECTOR('',#2638,1.);
#1716=VECTOR('',#2639,1.);
#1717=VECTOR('',#2640,1.);
#1718=VECTOR('',#2641,1.);
#1719=VECTOR('',#2642,1.);
#1720=VECTOR('',#2643,1.);
#1721=VECTOR('',#2644,1.);
#1722=VECTOR('',#2645,1.);
#1723=VECTOR('',#2646,1.);
#1724=VECTOR('',#2647,1.);
#1725=VECTOR('',#2648,1.);
#1726=VECTOR('',#2649,1.);
#1727=VECTOR('',#2650,1.);
#1728=VECTOR('',#2651,1.);
#1729=VECTOR('',#2652,1.);
#1730=VECTOR('',#2653,1.);
#1731=VECTOR('',#2654,1.);
#1732=VECTOR('',#2655,1.);
#1733=VECTOR('',#2656,1.);
#1734=VECTOR('',#2657,1.);
#1735=VECTOR('',#2658,1.);
#1736=VECTOR('',#2659,1.);
#1737=VECTOR('',#2660,1.);
#1738=VECTOR('',#2661,1.);
#1739=VECTOR('',#2662,1.);
#1740=VECTOR('',#2663,1.);
#1741=VECTOR('',#2664,1.);
#1742=VECTOR('',#2665,1.);
#1743=VECTOR('',#2666,1.);
#1744=VECTOR('',#2667,1.);
#1745=VECTOR('',#2668,1.);
#1746=VECTOR('',#2669,1.);
#1747=VECTOR('',#2670,1.);
#1748=VECTOR('',#2671,1.);
#1749=VECTOR('',#2672,1.);
#1750=VECTOR('',#2673,1.);
#1751=VECTOR('',#2674,1.);
#1752=VECTOR('',#2675,1.);
#1753=VECTOR('',#2676,1.);
#1754=VECTOR('',#2677,1.);
#1755=VECTOR('',#2678,1.);
#1756=VECTOR('',#2679,1.);
#1757=VECTOR('',#2680,1.);
#1758=VECTOR('',#2681,1.);
#1759=VECTOR('',#2690,1.);
#1760=VECTOR('',#2691,1.);
#1761=VECTOR('',#2692,1.);
#1762=VECTOR('',#2693,1.);
#1763=VECTOR('',#2694,1.);
#1764=VECTOR('',#2695,1.);
#1765=VECTOR('',#2696,1.);
#1766=VECTOR('',#2697,1.);
#1767=VECTOR('',#2698,1.);
#1768=VECTOR('',#2699,1.);
#1769=VECTOR('',#2700,1.);
#1770=VECTOR('',#2701,1.);
#1771=VECTOR('',#2702,1.);
#1772=VECTOR('',#2703,1.);
#1773=VECTOR('',#2704,1.);
#1774=VECTOR('',#2705,1.);
#1775=VECTOR('',#2706,1.);
#1776=VECTOR('',#2707,1.);
#1777=VECTOR('',#2710,1.);
#1778=VECTOR('',#2711,1.);
#1779=VECTOR('',#2712,1.);
#1780=VECTOR('',#2715,1.);
#1781=VECTOR('',#2716,1.);
#1782=VECTOR('',#2719,1.);
#1783=VECTOR('',#2720,1.);
#1784=VECTOR('',#2721,1.);
#1785=VECTOR('',#2722,1.);
#1786=VECTOR('',#2727,1.);
#1787=VECTOR('',#2728,1.);
#1788=VECTOR('',#2733,1.);
#1789=VECTOR('',#2734,1.);
#1790=VECTOR('',#2735,1.);
#1791=VECTOR('',#2738,1.);
#1792=VECTOR('',#2739,1.);
#1793=VECTOR('',#2742,1.);
#1794=VECTOR('',#2743,1.);
#1795=VECTOR('',#2744,1.);
#1796=VECTOR('',#2745,1.);
#1797=VECTOR('',#2750,1.);
#1798=VECTOR('',#2751,1.);
#1799=VECTOR('',#2756,1.);
#1800=VECTOR('',#2757,1.);
#1801=VECTOR('',#2758,1.);
#1802=VECTOR('',#2761,1.);
#1803=VECTOR('',#2762,1.);
#1804=VECTOR('',#2765,1.);
#1805=VECTOR('',#2766,1.);
#1806=VECTOR('',#2767,1.);
#1807=VECTOR('',#2768,1.);
#1808=VECTOR('',#2773,1.);
#1809=VECTOR('',#2774,1.);
#1810=VECTOR('',#2779,1.);
#1811=VECTOR('',#2780,1.);
#1812=VECTOR('',#2781,1.);
#1813=VECTOR('',#2784,1.);
#1814=VECTOR('',#2785,1.);
#1815=VECTOR('',#2788,1.);
#1816=VECTOR('',#2789,1.);
#1817=VECTOR('',#2790,1.);
#1818=VECTOR('',#2791,1.);
#1819=VECTOR('',#2796,1.);
#1820=VECTOR('',#2797,1.);
#1821=VECTOR('',#2802,1.);
#1822=VECTOR('',#2803,1.);
#1823=VECTOR('',#2804,1.);
#1824=VECTOR('',#2807,1.);
#1825=VECTOR('',#2808,1.);
#1826=VECTOR('',#2811,1.);
#1827=VECTOR('',#2812,1.);
#1828=VECTOR('',#2813,1.);
#1829=VECTOR('',#2814,1.);
#1830=VECTOR('',#2819,1.);
#1831=VECTOR('',#2820,1.);
#1832=VECTOR('',#2825,1.);
#1833=VECTOR('',#2826,1.);
#1834=VECTOR('',#2827,1.);
#1835=VECTOR('',#2830,1.);
#1836=VECTOR('',#2831,1.);
#1837=VECTOR('',#2834,1.);
#1838=VECTOR('',#2835,1.);
#1839=VECTOR('',#2836,1.);
#1840=VECTOR('',#2837,1.);
#1841=VECTOR('',#2842,1.);
#1842=VECTOR('',#2843,1.);
#1843=VECTOR('',#2848,1.);
#1844=VECTOR('',#2849,1.);
#1845=VECTOR('',#2850,1.);
#1846=VECTOR('',#2853,1.);
#1847=VECTOR('',#2856,1.);
#1848=VECTOR('',#2861,1.);
#1849=VECTOR('',#2862,1.);
#1850=VECTOR('',#2863,1.);
#1851=VECTOR('',#2866,1.);
#1852=VECTOR('',#2867,1.);
#1853=VECTOR('',#2870,1.);
#1854=VECTOR('',#2871,1.);
#1855=VECTOR('',#2872,1.);
#1856=VECTOR('',#2875,1.);
#1857=VECTOR('',#2878,1.);
#1858=VECTOR('',#2883,1.);
#1859=VECTOR('',#2884,1.);
#1860=VECTOR('',#2885,1.);
#1861=VECTOR('',#2888,1.);
#1862=VECTOR('',#2889,1.);
#1863=VECTOR('',#2892,1.);
#1864=VECTOR('',#2893,1.);
#1865=VECTOR('',#2894,1.);
#1866=VECTOR('',#2897,1.);
#1867=VECTOR('',#2900,1.);
#1868=VECTOR('',#2905,1.);
#1869=VECTOR('',#2906,1.);
#1870=VECTOR('',#2907,1.);
#1871=VECTOR('',#2910,1.);
#1872=VECTOR('',#2911,1.);
#1873=VECTOR('',#2914,1.);
#1874=VECTOR('',#2915,1.);
#1875=VECTOR('',#2916,1.);
#1876=VECTOR('',#2919,1.);
#1877=VECTOR('',#2922,1.);
#1878=VECTOR('',#2927,1.);
#1879=VECTOR('',#2928,1.);
#1880=VECTOR('',#2929,1.);
#1881=VECTOR('',#2932,1.);
#1882=VECTOR('',#2933,1.);
#1883=VECTOR('',#2936,1.);
#1884=VECTOR('',#2937,1.);
#1885=VECTOR('',#2938,1.);
#1886=VECTOR('',#2941,1.);
#1887=VECTOR('',#2944,1.);
#1888=VECTOR('',#2949,1.);
#1889=VECTOR('',#2950,1.);
#1890=VECTOR('',#2951,1.);
#1891=VECTOR('',#2954,1.);
#1892=VECTOR('',#2955,1.);
#1893=VECTOR('',#2958,1.);
#1894=VECTOR('',#2959,1.);
#1895=VECTOR('',#2960,1.);
#1896=VECTOR('',#2963,1.);
#1897=VECTOR('',#2966,1.);
#1898=VECTOR('',#2971,1.);
#1899=VECTOR('',#2972,1.);
#1900=VECTOR('',#2973,1.);
#1901=VECTOR('',#2976,1.);
#1902=VECTOR('',#2979,1.);
#1903=VECTOR('',#2984,1.);
#1904=VECTOR('',#2985,1.);
#1905=VECTOR('',#2986,1.);
#1906=VECTOR('',#2989,1.);
#1907=VECTOR('',#2990,1.);
#1908=VECTOR('',#2993,1.);
#1909=VECTOR('',#2994,1.);
#1910=VECTOR('',#2995,1.);
#1911=VECTOR('',#2998,1.);
#1912=VECTOR('',#2999,1.);
#1913=VECTOR('',#3002,1.);
#1914=VECTOR('',#3003,1.);
#1915=VECTOR('',#3004,1.);
#1916=VECTOR('',#3005,1.);
#1917=VECTOR('',#3008,1.);
#1918=VECTOR('',#3013,1.);
#1919=VECTOR('',#3014,1.);
#1920=VECTOR('',#3019,1.);
#1921=VECTOR('',#3020,1.);
#1922=VECTOR('',#3023,1.);
#1923=VECTOR('',#3024,1.);
#1924=VECTOR('',#3027,1.);
#1925=VECTOR('',#3034,1.);
#1926=VECTOR('',#3037,1.);
#1927=VECTOR('',#3044,1.);
#1928=VECTOR('',#3047,1.);
#1929=VECTOR('',#3054,1.);
#1930=VECTOR('',#3057,1.);
#1931=VECTOR('',#3064,1.);
#1932=VECTOR('',#3067,1.);
#1933=VECTOR('',#3074,1.);
#1934=VECTOR('',#3077,1.);
#1935=VECTOR('',#3102,1.);
#1936=VECTOR('',#3107,1.);
#1937=VECTOR('',#3112,1.);
#1938=VECTOR('',#3117,1.);
#1939=VECTOR('',#3122,1.);
#1940=VECTOR('',#3127,1.);
#1941=VECTOR('',#3132,1.);
#1942=VECTOR('',#3137,1.);
#1943=VECTOR('',#3142,1.);
#1944=VECTOR('',#3147,1.);
#1945=VECTOR('',#3152,1.);
#1946=VECTOR('',#3159,1.);
#1947=VECTOR('',#3164,1.);
#1948=VECTOR('',#3167,1.);
#1949=VECTOR('',#3172,1.);
#1950=VECTOR('',#3173,1.);
#1951=VECTOR('',#3174,1.);
#1952=VECTOR('',#3179,1.);
#1953=VECTOR('',#3184,1.);
#1954=VECTOR('',#3187,1.);
#1955=VECTOR('',#3188,1.);
#1956=VECTOR('',#3189,1.);
#1957=VECTOR('',#3190,1.);
#1958=VECTOR('',#3191,1.);
#1959=VECTOR('',#3192,1.);
#1960=VECTOR('',#3193,1.);
#1961=VECTOR('',#3194,1.);
#1962=VECTOR('',#3195,1.);
#1963=VECTOR('',#3196,1.);
#1964=VECTOR('',#3197,1.);
#1965=VECTOR('',#3198,1.);
#1966=VECTOR('',#3199,1.);
#1967=VECTOR('',#3200,1.);
#1968=VECTOR('',#3203,1.);
#1969=VECTOR('',#3204,1.);
#1970=VECTOR('',#3207,1.);
#1971=VECTOR('',#3208,1.);
#1972=EDGE_LOOP('',(#88,#89,#90,#91));
#1973=EDGE_LOOP('',(#92,#93,#94));
#1974=EDGE_LOOP('',(#95,#96,#97));
#1975=EDGE_LOOP('',(#98,#99,#100,#101,#102,#103,#104,#105,#106,#107,#108,
#109,#110,#111,#112,#113,#114,#115,#116,#117,#118,#119,#120,#121,#122,#123,
#124,#125,#126,#127,#128,#129,#130,#131,#132,#133,#134,#135,#136,#137,#138,
#139,#140,#141,#142,#143,#144,#145,#146,#147));
#1976=EDGE_LOOP('',(#148,#149,#150));
#1977=EDGE_LOOP('',(#151,#152,#153));
#1978=EDGE_LOOP('',(#154,#155,#156));
#1979=EDGE_LOOP('',(#157,#158,#159));
#1980=EDGE_LOOP('',(#160,#161,#162));
#1981=EDGE_LOOP('',(#163));
#1982=EDGE_LOOP('',(#164));
#1983=EDGE_LOOP('',(#165));
#1984=EDGE_LOOP('',(#166));
#1985=EDGE_LOOP('',(#167,#168,#169));
#1986=EDGE_LOOP('',(#170,#171,#172));
#1987=EDGE_LOOP('',(#173,#174,#175));
#1988=EDGE_LOOP('',(#176,#177,#178));
#1989=EDGE_LOOP('',(#179,#180,#181));
#1990=EDGE_LOOP('',(#182,#183,#184));
#1991=EDGE_LOOP('',(#185,#186,#187,#188));
#1992=EDGE_LOOP('',(#189,#190,#191,#192));
#1993=EDGE_LOOP('',(#193,#194,#195,#196));
#1994=EDGE_LOOP('',(#197,#198,#199,#200,#201,#202));
#1995=EDGE_LOOP('',(#203,#204,#205,#206));
#1996=EDGE_LOOP('',(#207,#208,#209,#210));
#1997=EDGE_LOOP('',(#211,#212,#213,#214));
#1998=EDGE_LOOP('',(#215,#216,#217,#218,#219,#220));
#1999=EDGE_LOOP('',(#221,#222,#223,#224));
#2000=EDGE_LOOP('',(#225,#226,#227,#228));
#2001=EDGE_LOOP('',(#229,#230,#231,#232));
#2002=EDGE_LOOP('',(#233,#234,#235,#236,#237,#238));
#2003=EDGE_LOOP('',(#239,#240,#241,#242));
#2004=EDGE_LOOP('',(#243,#244,#245,#246));
#2005=EDGE_LOOP('',(#247,#248,#249,#250));
#2006=EDGE_LOOP('',(#251,#252,#253,#254,#255,#256));
#2007=EDGE_LOOP('',(#257,#258,#259,#260));
#2008=EDGE_LOOP('',(#261,#262,#263,#264));
#2009=EDGE_LOOP('',(#265,#266,#267,#268));
#2010=EDGE_LOOP('',(#269,#270,#271,#272,#273,#274));
#2011=EDGE_LOOP('',(#275,#276,#277,#278));
#2012=EDGE_LOOP('',(#279,#280,#281,#282));
#2013=EDGE_LOOP('',(#283,#284,#285,#286));
#2014=EDGE_LOOP('',(#287,#288,#289,#290,#291,#292));
#2015=EDGE_LOOP('',(#293,#294,#295,#296));
#2016=EDGE_LOOP('',(#297,#298,#299,#300,#301,#302));
#2017=EDGE_LOOP('',(#303,#304,#305,#306));
#2018=EDGE_LOOP('',(#307,#308,#309,#310));
#2019=EDGE_LOOP('',(#311,#312,#313,#314));
#2020=EDGE_LOOP('',(#315,#316,#317,#318,#319,#320));
#2021=EDGE_LOOP('',(#321,#322,#323,#324));
#2022=EDGE_LOOP('',(#325,#326,#327,#328));
#2023=EDGE_LOOP('',(#329,#330,#331,#332));
#2024=EDGE_LOOP('',(#333,#334,#335,#336,#337,#338));
#2025=EDGE_LOOP('',(#339,#340,#341,#342));
#2026=EDGE_LOOP('',(#343,#344,#345,#346));
#2027=EDGE_LOOP('',(#347,#348,#349,#350));
#2028=EDGE_LOOP('',(#351,#352,#353,#354,#355,#356));
#2029=EDGE_LOOP('',(#357,#358,#359,#360));
#2030=EDGE_LOOP('',(#361,#362,#363,#364));
#2031=EDGE_LOOP('',(#365,#366,#367,#368));
#2032=EDGE_LOOP('',(#369,#370,#371,#372,#373,#374));
#2033=EDGE_LOOP('',(#375,#376,#377,#378));
#2034=EDGE_LOOP('',(#379,#380,#381,#382));
#2035=EDGE_LOOP('',(#383,#384,#385,#386));
#2036=EDGE_LOOP('',(#387,#388,#389,#390,#391,#392));
#2037=EDGE_LOOP('',(#393,#394,#395,#396));
#2038=EDGE_LOOP('',(#397,#398,#399,#400,#401,#402));
#2039=EDGE_LOOP('',(#403,#404,#405,#406));
#2040=EDGE_LOOP('',(#407,#408,#409,#410));
#2041=EDGE_LOOP('',(#411,#412,#413,#414));
#2042=EDGE_LOOP('',(#415,#416,#417,#418));
#2043=EDGE_LOOP('',(#419,#420,#421,#422));
#2044=EDGE_LOOP('',(#423,#424,#425,#426,#427,#428,#429,#430,#431,#432,#433,
#434));
#2045=EDGE_LOOP('',(#435,#436,#437,#438));
#2046=EDGE_LOOP('',(#439,#440,#441,#442,#443,#444));
#2047=EDGE_LOOP('',(#445,#446,#447,#448));
#2048=EDGE_LOOP('',(#449,#450,#451,#452,#453,#454));
#2049=EDGE_LOOP('',(#455,#456,#457,#458));
#2050=EDGE_LOOP('',(#459,#460,#461,#462,#463,#464));
#2051=EDGE_LOOP('',(#465,#466,#467,#468));
#2052=EDGE_LOOP('',(#469,#470,#471,#472,#473,#474));
#2053=EDGE_LOOP('',(#475,#476,#477,#478));
#2054=EDGE_LOOP('',(#479,#480,#481,#482,#483,#484));
#2055=EDGE_LOOP('',(#485,#486,#487,#488));
#2056=EDGE_LOOP('',(#489,#490,#491,#492,#493,#494));
#2057=EDGE_LOOP('',(#495));
#2058=EDGE_LOOP('',(#496));
#2059=EDGE_LOOP('',(#497));
#2060=EDGE_LOOP('',(#498));
#2061=EDGE_LOOP('',(#499));
#2062=EDGE_LOOP('',(#500));
#2063=EDGE_LOOP('',(#501));
#2064=EDGE_LOOP('',(#502));
#2065=EDGE_LOOP('',(#503,#504,#505,#506,#507,#508));
#2066=EDGE_LOOP('',(#509,#510,#511,#512));
#2067=EDGE_LOOP('',(#513,#514,#515,#516,#517,#518));
#2068=EDGE_LOOP('',(#519,#520,#521,#522));
#2069=EDGE_LOOP('',(#523,#524,#525,#526,#527,#528));
#2070=EDGE_LOOP('',(#529,#530,#531,#532));
#2071=EDGE_LOOP('',(#533,#534,#535,#536,#537,#538));
#2072=EDGE_LOOP('',(#539,#540,#541,#542));
#2073=EDGE_LOOP('',(#543,#544,#545,#546,#547,#548));
#2074=EDGE_LOOP('',(#549,#550,#551,#552));
#2075=EDGE_LOOP('',(#553,#554,#555,#556,#557,#558));
#2076=EDGE_LOOP('',(#559,#560,#561,#562,#563,#564));
#2077=EDGE_LOOP('',(#565,#566,#567,#568));
#2078=EDGE_LOOP('',(#569,#570,#571,#572));
#2079=EDGE_LOOP('',(#573,#574,#575,#576,#577,#578,#579,#580,#581,#582,#583,
#584));
#2080=EDGE_LOOP('',(#585,#586,#587,#588));
#2081=EDGE_LOOP('',(#589,#590,#591));
#2082=EDGE_LOOP('',(#592,#593,#594));
#2083=EDGE_LOOP('',(#595,#596,#597));
#2084=EDGE_LOOP('',(#598,#599,#600));
#2085=EDGE_LOOP('',(#601,#602,#603));
#2086=EDGE_LOOP('',(#604,#605,#606));
#2087=EDGE_LOOP('',(#607,#608,#609));
#2088=EDGE_LOOP('',(#610,#611,#612,#613,#614,#615,#616,#617,#618,#619,#620,
#621,#622,#623,#624,#625,#626,#627,#628,#629,#630,#631,#632,#633,#634,#635,
#636,#637,#638,#639,#640,#641,#642,#643,#644,#645,#646,#647,#648,#649,#650,
#651,#652,#653,#654,#655,#656,#657,#658,#659));
#2089=EDGE_LOOP('',(#660));
#2090=EDGE_LOOP('',(#661));
#2091=EDGE_LOOP('',(#662));
#2092=EDGE_LOOP('',(#663));
#2093=EDGE_LOOP('',(#664,#665,#666));
#2094=EDGE_LOOP('',(#667,#668,#669));
#2095=EDGE_LOOP('',(#670,#671,#672));
#2096=EDGE_LOOP('',(#673,#674,#675));
#2097=EDGE_LOOP('',(#676,#677,#678));
#2098=EDGE_LOOP('',(#679,#680,#681));
#2099=EDGE_LOOP('',(#682,#683,#684,#685));
#2100=EDGE_LOOP('',(#686,#687,#688,#689));
#2101=EDGE_LOOP('',(#690,#691,#692,#693));
#2102=EDGE_LOOP('',(#694,#695,#696,#697));
#2103=EDGE_LOOP('',(#698,#699,#700,#701));
#2104=EDGE_LOOP('',(#702,#703,#704,#705,#706,#707,#708,#709,#710,#711,#712,
#713,#714,#715,#716,#717,#718,#719,#720,#721,#722,#723,#724,#725,#726,#727,
#728,#729,#730,#731,#732,#733,#734,#735,#736,#737,#738,#739,#740,#741,#742,
#743,#744,#745,#746,#747,#748,#749,#750));
#2105=EDGE_LOOP('',(#751,#752,#753,#754,#755,#756,#757,#758,#759,#760,#761,
#762,#763,#764,#765,#766,#767,#768,#769,#770,#771,#772,#773,#774,#775,#776,
#777,#778,#779,#780,#781,#782,#783,#784,#785,#786,#787,#788,#789,#790,#791,
#792,#793,#794,#795,#796,#797,#798,#799));
#2106=FACE_BOUND('',#1972,.T.);
#2107=FACE_BOUND('',#1973,.T.);
#2108=FACE_BOUND('',#1974,.T.);
#2109=FACE_BOUND('',#1975,.T.);
#2110=FACE_BOUND('',#1976,.T.);
#2111=FACE_BOUND('',#1977,.T.);
#2112=FACE_BOUND('',#1978,.T.);
#2113=FACE_BOUND('',#1979,.T.);
#2114=FACE_BOUND('',#1980,.T.);
#2115=FACE_BOUND('',#1981,.T.);
#2116=FACE_BOUND('',#1982,.T.);
#2117=FACE_BOUND('',#1983,.T.);
#2118=FACE_BOUND('',#1984,.T.);
#2119=FACE_BOUND('',#1985,.T.);
#2120=FACE_BOUND('',#1986,.T.);
#2121=FACE_BOUND('',#1987,.T.);
#2122=FACE_BOUND('',#1988,.T.);
#2123=FACE_BOUND('',#1989,.T.);
#2124=FACE_BOUND('',#1990,.T.);
#2125=FACE_BOUND('',#1991,.T.);
#2126=FACE_BOUND('',#1992,.T.);
#2127=FACE_BOUND('',#1993,.T.);
#2128=FACE_BOUND('',#1994,.T.);
#2129=FACE_BOUND('',#1995,.T.);
#2130=FACE_BOUND('',#1996,.T.);
#2131=FACE_BOUND('',#1997,.T.);
#2132=FACE_BOUND('',#1998,.T.);
#2133=FACE_BOUND('',#1999,.T.);
#2134=FACE_BOUND('',#2000,.T.);
#2135=FACE_BOUND('',#2001,.T.);
#2136=FACE_BOUND('',#2002,.T.);
#2137=FACE_BOUND('',#2003,.T.);
#2138=FACE_BOUND('',#2004,.T.);
#2139=FACE_BOUND('',#2005,.T.);
#2140=FACE_BOUND('',#2006,.T.);
#2141=FACE_BOUND('',#2007,.T.);
#2142=FACE_BOUND('',#2008,.T.);
#2143=FACE_BOUND('',#2009,.T.);
#2144=FACE_BOUND('',#2010,.T.);
#2145=FACE_BOUND('',#2011,.T.);
#2146=FACE_BOUND('',#2012,.T.);
#2147=FACE_BOUND('',#2013,.T.);
#2148=FACE_BOUND('',#2014,.T.);
#2149=FACE_BOUND('',#2015,.T.);
#2150=FACE_BOUND('',#2016,.T.);
#2151=FACE_BOUND('',#2017,.T.);
#2152=FACE_BOUND('',#2018,.T.);
#2153=FACE_BOUND('',#2019,.T.);
#2154=FACE_BOUND('',#2020,.T.);
#2155=FACE_BOUND('',#2021,.T.);
#2156=FACE_BOUND('',#2022,.T.);
#2157=FACE_BOUND('',#2023,.T.);
#2158=FACE_BOUND('',#2024,.T.);
#2159=FACE_BOUND('',#2025,.T.);
#2160=FACE_BOUND('',#2026,.T.);
#2161=FACE_BOUND('',#2027,.T.);
#2162=FACE_BOUND('',#2028,.T.);
#2163=FACE_BOUND('',#2029,.T.);
#2164=FACE_BOUND('',#2030,.T.);
#2165=FACE_BOUND('',#2031,.T.);
#2166=FACE_BOUND('',#2032,.T.);
#2167=FACE_BOUND('',#2033,.T.);
#2168=FACE_BOUND('',#2034,.T.);
#2169=FACE_BOUND('',#2035,.T.);
#2170=FACE_BOUND('',#2036,.T.);
#2171=FACE_BOUND('',#2037,.T.);
#2172=FACE_BOUND('',#2038,.T.);
#2173=FACE_BOUND('',#2039,.T.);
#2174=FACE_BOUND('',#2040,.T.);
#2175=FACE_BOUND('',#2041,.T.);
#2176=FACE_BOUND('',#2042,.T.);
#2177=FACE_BOUND('',#2043,.T.);
#2178=FACE_BOUND('',#2044,.T.);
#2179=FACE_BOUND('',#2045,.T.);
#2180=FACE_BOUND('',#2046,.T.);
#2181=FACE_BOUND('',#2047,.T.);
#2182=FACE_BOUND('',#2048,.T.);
#2183=FACE_BOUND('',#2049,.T.);
#2184=FACE_BOUND('',#2050,.T.);
#2185=FACE_BOUND('',#2051,.T.);
#2186=FACE_BOUND('',#2052,.T.);
#2187=FACE_BOUND('',#2053,.T.);
#2188=FACE_BOUND('',#2054,.T.);
#2189=FACE_BOUND('',#2055,.T.);
#2190=FACE_BOUND('',#2056,.T.);
#2191=FACE_BOUND('',#2057,.T.);
#2192=FACE_BOUND('',#2058,.T.);
#2193=FACE_BOUND('',#2059,.T.);
#2194=FACE_BOUND('',#2060,.T.);
#2195=FACE_BOUND('',#2061,.T.);
#2196=FACE_BOUND('',#2062,.T.);
#2197=FACE_BOUND('',#2063,.T.);
#2198=FACE_BOUND('',#2064,.T.);
#2199=FACE_BOUND('',#2065,.T.);
#2200=FACE_BOUND('',#2066,.T.);
#2201=FACE_BOUND('',#2067,.T.);
#2202=FACE_BOUND('',#2068,.T.);
#2203=FACE_BOUND('',#2069,.T.);
#2204=FACE_BOUND('',#2070,.T.);
#2205=FACE_BOUND('',#2071,.T.);
#2206=FACE_BOUND('',#2072,.T.);
#2207=FACE_BOUND('',#2073,.T.);
#2208=FACE_BOUND('',#2074,.T.);
#2209=FACE_BOUND('',#2075,.T.);
#2210=FACE_BOUND('',#2076,.T.);
#2211=FACE_BOUND('',#2077,.T.);
#2212=FACE_BOUND('',#2078,.T.);
#2213=FACE_BOUND('',#2079,.T.);
#2214=FACE_BOUND('',#2080,.T.);
#2215=FACE_BOUND('',#2081,.T.);
#2216=FACE_BOUND('',#2082,.T.);
#2217=FACE_BOUND('',#2083,.T.);
#2218=FACE_BOUND('',#2084,.T.);
#2219=FACE_BOUND('',#2085,.T.);
#2220=FACE_BOUND('',#2086,.T.);
#2221=FACE_BOUND('',#2087,.T.);
#2222=FACE_BOUND('',#2088,.T.);
#2223=FACE_BOUND('',#2089,.T.);
#2224=FACE_BOUND('',#2090,.T.);
#2225=FACE_BOUND('',#2091,.T.);
#2226=FACE_BOUND('',#2092,.T.);
#2227=FACE_BOUND('',#2093,.T.);
#2228=FACE_BOUND('',#2094,.T.);
#2229=FACE_BOUND('',#2095,.T.);
#2230=FACE_BOUND('',#2096,.T.);
#2231=FACE_BOUND('',#2097,.T.);
#2232=FACE_BOUND('',#2098,.T.);
#2233=FACE_BOUND('',#2099,.T.);
#2234=FACE_BOUND('',#2100,.T.);
#2235=FACE_BOUND('',#2101,.T.);
#2236=FACE_BOUND('',#2102,.T.);
#2237=FACE_BOUND('',#2103,.T.);
#2238=FACE_BOUND('',#2104,.T.);
#2239=FACE_BOUND('',#2105,.T.);
#2240=PLANE('',#2437);
#2241=PLANE('',#2438);
#2242=PLANE('',#2443);
#2243=PLANE('',#2444);
#2244=PLANE('',#2445);
#2245=PLANE('',#2446);
#2246=PLANE('',#2449);
#2247=PLANE('',#2450);
#2248=PLANE('',#2451);
#2249=PLANE('',#2452);
#2250=PLANE('',#2455);
#2251=PLANE('',#2456);
#2252=PLANE('',#2457);
#2253=PLANE('',#2458);
#2254=PLANE('',#2461);
#2255=PLANE('',#2462);
#2256=PLANE('',#2463);
#2257=PLANE('',#2464);
#2258=PLANE('',#2467);
#2259=PLANE('',#2468);
#2260=PLANE('',#2469);
#2261=PLANE('',#2470);
#2262=PLANE('',#2473);
#2263=PLANE('',#2474);
#2264=PLANE('',#2475);
#2265=PLANE('',#2476);
#2266=PLANE('',#2479);
#2267=PLANE('',#2480);
#2268=PLANE('',#2483);
#2269=PLANE('',#2484);
#2270=PLANE('',#2485);
#2271=PLANE('',#2486);
#2272=PLANE('',#2489);
#2273=PLANE('',#2490);
#2274=PLANE('',#2491);
#2275=PLANE('',#2492);
#2276=PLANE('',#2495);
#2277=PLANE('',#2496);
#2278=PLANE('',#2497);
#2279=PLANE('',#2498);
#2280=PLANE('',#2501);
#2281=PLANE('',#2502);
#2282=PLANE('',#2503);
#2283=PLANE('',#2504);
#2284=PLANE('',#2507);
#2285=PLANE('',#2508);
#2286=PLANE('',#2509);
#2287=PLANE('',#2510);
#2288=PLANE('',#2513);
#2289=PLANE('',#2514);
#2290=PLANE('',#2517);
#2291=PLANE('',#2518);
#2292=PLANE('',#2519);
#2293=PLANE('',#2520);
#2294=PLANE('',#2521);
#2295=PLANE('',#2522);
#2296=PLANE('',#2527);
#2297=PLANE('',#2528);
#2298=PLANE('',#2531);
#2299=PLANE('',#2532);
#2300=PLANE('',#2535);
#2301=PLANE('',#2536);
#2302=PLANE('',#2539);
#2303=PLANE('',#2540);
#2304=PLANE('',#2543);
#2305=PLANE('',#2544);
#2306=PLANE('',#2547);
#2307=PLANE('',#2548);
#2308=PLANE('',#2559);
#2309=PLANE('',#2562);
#2310=PLANE('',#2563);
#2311=PLANE('',#2566);
#2312=PLANE('',#2567);
#2313=PLANE('',#2570);
#2314=PLANE('',#2571);
#2315=PLANE('',#2574);
#2316=PLANE('',#2575);
#2317=PLANE('',#2578);
#2318=PLANE('',#2579);
#2319=PLANE('',#2582);
#2320=PLANE('',#2585);
#2321=PLANE('',#2586);
#2322=PLANE('',#2587);
#2323=PLANE('',#2592);
#2324=PLANE('',#2593);
#2325=PLANE('',#2594);
#2326=PLANE('',#2595);
#2327=PLANE('',#2596);
#2328=ADVANCED_FACE('',(#2106),#2240,.F.);
#2329=ADVANCED_FACE('',(#2107,#2108,#2109,#2110,#2111,#2112,#2113,#2114,
#2115,#2116,#2117,#2118,#2119,#2120,#2121,#2122,#2123,#2124),#2241,.T.);
#2330=ADVANCED_FACE('',(#2125),#2242,.F.);
#2331=ADVANCED_FACE('',(#2126),#2243,.F.);
#2332=ADVANCED_FACE('',(#2127),#2244,.T.);
#2333=ADVANCED_FACE('',(#2128),#2245,.T.);
#2334=ADVANCED_FACE('',(#2129),#2246,.T.);
#2335=ADVANCED_FACE('',(#2130),#2247,.T.);
#2336=ADVANCED_FACE('',(#2131),#2248,.T.);
#2337=ADVANCED_FACE('',(#2132),#2249,.T.);
#2338=ADVANCED_FACE('',(#2133),#2250,.T.);
#2339=ADVANCED_FACE('',(#2134),#2251,.T.);
#2340=ADVANCED_FACE('',(#2135),#2252,.T.);
#2341=ADVANCED_FACE('',(#2136),#2253,.T.);
#2342=ADVANCED_FACE('',(#2137),#2254,.T.);
#2343=ADVANCED_FACE('',(#2138),#2255,.T.);
#2344=ADVANCED_FACE('',(#2139),#2256,.T.);
#2345=ADVANCED_FACE('',(#2140),#2257,.T.);
#2346=ADVANCED_FACE('',(#2141),#2258,.T.);
#2347=ADVANCED_FACE('',(#2142),#2259,.T.);
#2348=ADVANCED_FACE('',(#2143),#2260,.T.);
#2349=ADVANCED_FACE('',(#2144),#2261,.T.);
#2350=ADVANCED_FACE('',(#2145),#2262,.T.);
#2351=ADVANCED_FACE('',(#2146),#2263,.T.);
#2352=ADVANCED_FACE('',(#2147),#2264,.T.);
#2353=ADVANCED_FACE('',(#2148),#2265,.T.);
#2354=ADVANCED_FACE('',(#2149),#2266,.F.);
#2355=ADVANCED_FACE('',(#2150),#2267,.F.);
#2356=ADVANCED_FACE('',(#2151),#2268,.F.);
#2357=ADVANCED_FACE('',(#2152),#2269,.F.);
#2358=ADVANCED_FACE('',(#2153),#2270,.F.);
#2359=ADVANCED_FACE('',(#2154),#2271,.F.);
#2360=ADVANCED_FACE('',(#2155),#2272,.F.);
#2361=ADVANCED_FACE('',(#2156),#2273,.F.);
#2362=ADVANCED_FACE('',(#2157),#2274,.F.);
#2363=ADVANCED_FACE('',(#2158),#2275,.F.);
#2364=ADVANCED_FACE('',(#2159),#2276,.F.);
#2365=ADVANCED_FACE('',(#2160),#2277,.F.);
#2366=ADVANCED_FACE('',(#2161),#2278,.F.);
#2367=ADVANCED_FACE('',(#2162),#2279,.F.);
#2368=ADVANCED_FACE('',(#2163),#2280,.F.);
#2369=ADVANCED_FACE('',(#2164),#2281,.F.);
#2370=ADVANCED_FACE('',(#2165),#2282,.F.);
#2371=ADVANCED_FACE('',(#2166),#2283,.F.);
#2372=ADVANCED_FACE('',(#2167),#2284,.F.);
#2373=ADVANCED_FACE('',(#2168),#2285,.F.);
#2374=ADVANCED_FACE('',(#2169),#2286,.F.);
#2375=ADVANCED_FACE('',(#2170),#2287,.F.);
#2376=ADVANCED_FACE('',(#2171),#2288,.F.);
#2377=ADVANCED_FACE('',(#2172),#2289,.F.);
#2378=ADVANCED_FACE('',(#2173),#2290,.F.);
#2379=ADVANCED_FACE('',(#2174),#2291,.F.);
#2380=ADVANCED_FACE('',(#2175),#2292,.T.);
#2381=ADVANCED_FACE('',(#2176),#2293,.T.);
#2382=ADVANCED_FACE('',(#2177),#2294,.T.);
#2383=ADVANCED_FACE('',(#2178),#2295,.F.);
#2384=ADVANCED_FACE('',(#2179),#2296,.F.);
#2385=ADVANCED_FACE('',(#2180),#2297,.T.);
#2386=ADVANCED_FACE('',(#2181),#2298,.T.);
#2387=ADVANCED_FACE('',(#2182),#2299,.T.);
#2388=ADVANCED_FACE('',(#2183),#2300,.T.);
#2389=ADVANCED_FACE('',(#2184),#2301,.T.);
#2390=ADVANCED_FACE('',(#2185),#2302,.T.);
#2391=ADVANCED_FACE('',(#2186),#2303,.T.);
#2392=ADVANCED_FACE('',(#2187),#2304,.T.);
#2393=ADVANCED_FACE('',(#2188),#2305,.T.);
#2394=ADVANCED_FACE('',(#2189),#2306,.T.);
#2395=ADVANCED_FACE('',(#2190),#2307,.T.);
#2396=ADVANCED_FACE('',(#2191,#2192),#12,.F.);
#2397=ADVANCED_FACE('',(#2193,#2194),#13,.F.);
#2398=ADVANCED_FACE('',(#2195,#2196),#14,.F.);
#2399=ADVANCED_FACE('',(#2197,#2198),#15,.F.);
#2400=ADVANCED_FACE('',(#2199),#2308,.F.);
#2401=ADVANCED_FACE('',(#2200),#2309,.F.);
#2402=ADVANCED_FACE('',(#2201),#2310,.F.);
#2403=ADVANCED_FACE('',(#2202),#2311,.F.);
#2404=ADVANCED_FACE('',(#2203),#2312,.F.);
#2405=ADVANCED_FACE('',(#2204),#2313,.F.);
#2406=ADVANCED_FACE('',(#2205),#2314,.F.);
#2407=ADVANCED_FACE('',(#2206),#2315,.F.);
#2408=ADVANCED_FACE('',(#2207),#2316,.F.);
#2409=ADVANCED_FACE('',(#2208),#2317,.F.);
#2410=ADVANCED_FACE('',(#2209),#2318,.F.);
#2411=ADVANCED_FACE('',(#2210),#2319,.F.);
#2412=ADVANCED_FACE('',(#2211),#2320,.F.);
#2413=ADVANCED_FACE('',(#2212),#2321,.T.);
#2414=ADVANCED_FACE('',(#2213),#2322,.T.);
#2415=ADVANCED_FACE('',(#2214),#2323,.F.);
#2416=ADVANCED_FACE('',(#2215,#2216,#2217,#2218,#2219,#2220,#2221,#2222,
#2223,#2224,#2225,#2226,#2227,#2228,#2229,#2230,#2231,#2232),#2324,.F.);
#2417=ADVANCED_FACE('',(#2233),#2325,.T.);
#2418=ADVANCED_FACE('',(#2234),#2326,.F.);
#2419=ADVANCED_FACE('',(#2235),#2327,.T.);
#2420=ADVANCED_FACE('',(#2236),#16,.F.);
#2421=ADVANCED_FACE('',(#2237),#17,.T.);
#2422=ADVANCED_FACE('',(#2238),#18,.F.);
#2423=ADVANCED_FACE('',(#2239),#19,.T.);
#2424=CLOSED_SHELL('',(#2328,#2329,#2330,#2331,#2332,#2333,#2334,#2335,
#2336,#2337,#2338,#2339,#2340,#2341,#2342,#2343,#2344,#2345,#2346,#2347,
#2348,#2349,#2350,#2351,#2352,#2353,#2354,#2355,#2356,#2357,#2358,#2359,
#2360,#2361,#2362,#2363,#2364,#2365,#2366,#2367,#2368,#2369,#2370,#2371,
#2372,#2373,#2374,#2375,#2376,#2377,#2378,#2379,#2380,#2381,#2382,#2383,
#2384,#2385,#2386,#2387,#2388,#2389,#2390,#2391,#2392,#2393,#2394,#2395,
#2396,#2397,#2398,#2399,#2400,#2401,#2402,#2403,#2404,#2405,#2406,#2407,
#2408,#2409,#2410,#2411,#2412,#2413,#2414,#2415,#2416,#2417,#2418,#2419,
#2420,#2421,#2422,#2423));
#2425=STYLED_ITEM('',(#2426),#2433);
#2426=PRESENTATION_STYLE_ASSIGNMENT((#2427));
#2427=SURFACE_STYLE_USAGE(.BOTH.,#2428);
#2428=SURFACE_SIDE_STYLE('',(#2429));
#2429=SURFACE_STYLE_FILL_AREA(#2430);
#2430=FILL_AREA_STYLE('',(#2431));
#2431=FILL_AREA_STYLE_COLOUR('',#2432);
#2432=COLOUR_RGB('',0.615686274509804,0.811764705882353,0.929411764705882);
#2433=MANIFOLD_SOLID_BREP('Part 1',#2424);
#2434=SHAPE_DEFINITION_REPRESENTATION(#3918,#2435);
#2435=SHAPE_REPRESENTATION('Part 1',(#2436),#3913);
#2436=AXIS2_PLACEMENT_3D('',#3219,#2601,#2602);
#2437=AXIS2_PLACEMENT_3D('',#3220,#2603,#2604);
#2438=AXIS2_PLACEMENT_3D('',#3229,#2609,#2610);
#2439=AXIS2_PLACEMENT_3D('',#3372,#2682,#2683);
#2440=AXIS2_PLACEMENT_3D('',#3374,#2684,#2685);
#2441=AXIS2_PLACEMENT_3D('',#3376,#2686,#2687);
#2442=AXIS2_PLACEMENT_3D('',#3378,#2688,#2689);
#2443=AXIS2_PLACEMENT_3D('',#3416,#2708,#2709);
#2444=AXIS2_PLACEMENT_3D('',#3422,#2713,#2714);
#2445=AXIS2_PLACEMENT_3D('',#3426,#2717,#2718);
#2446=AXIS2_PLACEMENT_3D('',#3435,#2723,#2724);
#2447=AXIS2_PLACEMENT_3D('',#3436,#2725,#2726);
#2448=AXIS2_PLACEMENT_3D('',#3441,#2729,#2730);
#2449=AXIS2_PLACEMENT_3D('',#3442,#2731,#2732);
#2450=AXIS2_PLACEMENT_3D('',#3448,#2736,#2737);
#2451=AXIS2_PLACEMENT_3D('',#3452,#2740,#2741);
#2452=AXIS2_PLACEMENT_3D('',#3461,#2746,#2747);
#2453=AXIS2_PLACEMENT_3D('',#3462,#2748,#2749);
#2454=AXIS2_PLACEMENT_3D('',#3467,#2752,#2753);
#2455=AXIS2_PLACEMENT_3D('',#3468,#2754,#2755);
#2456=AXIS2_PLACEMENT_3D('',#3474,#2759,#2760);
#2457=AXIS2_PLACEMENT_3D('',#3478,#2763,#2764);
#2458=AXIS2_PLACEMENT_3D('',#3487,#2769,#2770);
#2459=AXIS2_PLACEMENT_3D('',#3488,#2771,#2772);
#2460=AXIS2_PLACEMENT_3D('',#3493,#2775,#2776);
#2461=AXIS2_PLACEMENT_3D('',#3494,#2777,#2778);
#2462=AXIS2_PLACEMENT_3D('',#3500,#2782,#2783);
#2463=AXIS2_PLACEMENT_3D('',#3504,#2786,#2787);
#2464=AXIS2_PLACEMENT_3D('',#3513,#2792,#2793);
#2465=AXIS2_PLACEMENT_3D('',#3514,#2794,#2795);
#2466=AXIS2_PLACEMENT_3D('',#3519,#2798,#2799);
#2467=AXIS2_PLACEMENT_3D('',#3520,#2800,#2801);
#2468=AXIS2_PLACEMENT_3D('',#3526,#2805,#2806);
#2469=AXIS2_PLACEMENT_3D('',#3530,#2809,#2810);
#2470=AXIS2_PLACEMENT_3D('',#3539,#2815,#2816);
#2471=AXIS2_PLACEMENT_3D('',#3540,#2817,#2818);
#2472=AXIS2_PLACEMENT_3D('',#3545,#2821,#2822);
#2473=AXIS2_PLACEMENT_3D('',#3546,#2823,#2824);
#2474=AXIS2_PLACEMENT_3D('',#3552,#2828,#2829);
#2475=AXIS2_PLACEMENT_3D('',#3556,#2832,#2833);
#2476=AXIS2_PLACEMENT_3D('',#3565,#2838,#2839);
#2477=AXIS2_PLACEMENT_3D('',#3566,#2840,#2841);
#2478=AXIS2_PLACEMENT_3D('',#3571,#2844,#2845);
#2479=AXIS2_PLACEMENT_3D('',#3572,#2846,#2847);
#2480=AXIS2_PLACEMENT_3D('',#3578,#2851,#2852);
#2481=AXIS2_PLACEMENT_3D('',#3581,#2854,#2855);
#2482=AXIS2_PLACEMENT_3D('',#3585,#2857,#2858);
#2483=AXIS2_PLACEMENT_3D('',#3586,#2859,#2860);
#2484=AXIS2_PLACEMENT_3D('',#3592,#2864,#2865);
#2485=AXIS2_PLACEMENT_3D('',#3596,#2868,#2869);
#2486=AXIS2_PLACEMENT_3D('',#3602,#2873,#2874);
#2487=AXIS2_PLACEMENT_3D('',#3605,#2876,#2877);
#2488=AXIS2_PLACEMENT_3D('',#3609,#2879,#2880);
#2489=AXIS2_PLACEMENT_3D('',#3610,#2881,#2882);
#2490=AXIS2_PLACEMENT_3D('',#3616,#2886,#2887);
#2491=AXIS2_PLACEMENT_3D('',#3620,#2890,#2891);
#2492=AXIS2_PLACEMENT_3D('',#3626,#2895,#2896);
#2493=AXIS2_PLACEMENT_3D('',#3629,#2898,#2899);
#2494=AXIS2_PLACEMENT_3D('',#3633,#2901,#2902);
#2495=AXIS2_PLACEMENT_3D('',#3634,#2903,#2904);
#2496=AXIS2_PLACEMENT_3D('',#3640,#2908,#2909);
#2497=AXIS2_PLACEMENT_3D('',#3644,#2912,#2913);
#2498=AXIS2_PLACEMENT_3D('',#3650,#2917,#2918);
#2499=AXIS2_PLACEMENT_3D('',#3653,#2920,#2921);
#2500=AXIS2_PLACEMENT_3D('',#3657,#2923,#2924);
#2501=AXIS2_PLACEMENT_3D('',#3658,#2925,#2926);
#2502=AXIS2_PLACEMENT_3D('',#3664,#2930,#2931);
#2503=AXIS2_PLACEMENT_3D('',#3668,#2934,#2935);
#2504=AXIS2_PLACEMENT_3D('',#3674,#2939,#2940);
#2505=AXIS2_PLACEMENT_3D('',#3677,#2942,#2943);
#2506=AXIS2_PLACEMENT_3D('',#3681,#2945,#2946);
#2507=AXIS2_PLACEMENT_3D('',#3682,#2947,#2948);
#2508=AXIS2_PLACEMENT_3D('',#3688,#2952,#2953);
#2509=AXIS2_PLACEMENT_3D('',#3692,#2956,#2957);
#2510=AXIS2_PLACEMENT_3D('',#3698,#2961,#2962);
#2511=AXIS2_PLACEMENT_3D('',#3701,#2964,#2965);
#2512=AXIS2_PLACEMENT_3D('',#3705,#2967,#2968);
#2513=AXIS2_PLACEMENT_3D('',#3706,#2969,#2970);
#2514=AXIS2_PLACEMENT_3D('',#3712,#2974,#2975);
#2515=AXIS2_PLACEMENT_3D('',#3715,#2977,#2978);
#2516=AXIS2_PLACEMENT_3D('',#3719,#2980,#2981);
#2517=AXIS2_PLACEMENT_3D('',#3720,#2982,#2983);
#2518=AXIS2_PLACEMENT_3D('',#3726,#2987,#2988);
#2519=AXIS2_PLACEMENT_3D('',#3730,#2991,#2992);
#2520=AXIS2_PLACEMENT_3D('',#3736,#2996,#2997);
#2521=AXIS2_PLACEMENT_3D('',#3740,#3000,#3001);
#2522=AXIS2_PLACEMENT_3D('',#3749,#3006,#3007);
#2523=AXIS2_PLACEMENT_3D('',#3753,#3009,#3010);
#2524=AXIS2_PLACEMENT_3D('',#3754,#3011,#3012);
#2525=AXIS2_PLACEMENT_3D('',#3759,#3015,#3016);
#2526=AXIS2_PLACEMENT_3D('',#3760,#3017,#3018);
#2527=AXIS2_PLACEMENT_3D('',#3765,#3021,#3022);
#2528=AXIS2_PLACEMENT_3D('',#3769,#3025,#3026);
#2529=AXIS2_PLACEMENT_3D('',#3772,#3028,#3029);
#2530=AXIS2_PLACEMENT_3D('',#3773,#3030,#3031);
#2531=AXIS2_PLACEMENT_3D('',#3774,#3032,#3033);
#2532=AXIS2_PLACEMENT_3D('',#3776,#3035,#3036);
#2533=AXIS2_PLACEMENT_3D('',#3779,#3038,#3039);
#2534=AXIS2_PLACEMENT_3D('',#3780,#3040,#3041);
#2535=AXIS2_PLACEMENT_3D('',#3781,#3042,#3043);
#2536=AXIS2_PLACEMENT_3D('',#3783,#3045,#3046);
#2537=AXIS2_PLACEMENT_3D('',#3786,#3048,#3049);
#2538=AXIS2_PLACEMENT_3D('',#3787,#3050,#3051);
#2539=AXIS2_PLACEMENT_3D('',#3788,#3052,#3053);
#2540=AXIS2_PLACEMENT_3D('',#3790,#3055,#3056);
#2541=AXIS2_PLACEMENT_3D('',#3793,#3058,#3059);
#2542=AXIS2_PLACEMENT_3D('',#3794,#3060,#3061);
#2543=AXIS2_PLACEMENT_3D('',#3795,#3062,#3063);
#2544=AXIS2_PLACEMENT_3D('',#3797,#3065,#3066);
#2545=AXIS2_PLACEMENT_3D('',#3800,#3068,#3069);
#2546=AXIS2_PLACEMENT_3D('',#3801,#3070,#3071);
#2547=AXIS2_PLACEMENT_3D('',#3802,#3072,#3073);
#2548=AXIS2_PLACEMENT_3D('',#3804,#3075,#3076);
#2549=AXIS2_PLACEMENT_3D('',#3807,#3078,#3079);
#2550=AXIS2_PLACEMENT_3D('',#3808,#3080,#3081);
#2551=AXIS2_PLACEMENT_3D('',#3809,#3082,#3083);
#2552=AXIS2_PLACEMENT_3D('',#3810,#3084,#3085);
#2553=AXIS2_PLACEMENT_3D('',#3812,#3086,#3087);
#2554=AXIS2_PLACEMENT_3D('',#3813,#3088,#3089);
#2555=AXIS2_PLACEMENT_3D('',#3815,#3090,#3091);
#2556=AXIS2_PLACEMENT_3D('',#3816,#3092,#3093);
#2557=AXIS2_PLACEMENT_3D('',#3818,#3094,#3095);
#2558=AXIS2_PLACEMENT_3D('',#3819,#3096,#3097);
#2559=AXIS2_PLACEMENT_3D('',#3821,#3098,#3099);
#2560=AXIS2_PLACEMENT_3D('',#3822,#3100,#3101);
#2561=AXIS2_PLACEMENT_3D('',#3825,#3103,#3104);
#2562=AXIS2_PLACEMENT_3D('',#3826,#3105,#3106);
#2563=AXIS2_PLACEMENT_3D('',#3828,#3108,#3109);
#2564=AXIS2_PLACEMENT_3D('',#3829,#3110,#3111);
#2565=AXIS2_PLACEMENT_3D('',#3832,#3113,#3114);
#2566=AXIS2_PLACEMENT_3D('',#3833,#3115,#3116);
#2567=AXIS2_PLACEMENT_3D('',#3835,#3118,#3119);
#2568=AXIS2_PLACEMENT_3D('',#3836,#3120,#3121);
#2569=AXIS2_PLACEMENT_3D('',#3839,#3123,#3124);
#2570=AXIS2_PLACEMENT_3D('',#3840,#3125,#3126);
#2571=AXIS2_PLACEMENT_3D('',#3842,#3128,#3129);
#2572=AXIS2_PLACEMENT_3D('',#3843,#3130,#3131);
#2573=AXIS2_PLACEMENT_3D('',#3846,#3133,#3134);
#2574=AXIS2_PLACEMENT_3D('',#3847,#3135,#3136);
#2575=AXIS2_PLACEMENT_3D('',#3849,#3138,#3139);
#2576=AXIS2_PLACEMENT_3D('',#3850,#3140,#3141);
#2577=AXIS2_PLACEMENT_3D('',#3853,#3143,#3144);
#2578=AXIS2_PLACEMENT_3D('',#3854,#3145,#3146);
#2579=AXIS2_PLACEMENT_3D('',#3856,#3148,#3149);
#2580=AXIS2_PLACEMENT_3D('',#3857,#3150,#3151);
#2581=AXIS2_PLACEMENT_3D('',#3860,#3153,#3154);
#2582=AXIS2_PLACEMENT_3D('',#3861,#3155,#3156);
#2583=AXIS2_PLACEMENT_3D('',#3862,#3157,#3158);
#2584=AXIS2_PLACEMENT_3D('',#3865,#3160,#3161);
#2585=AXIS2_PLACEMENT_3D('',#3866,#3162,#3163);
#2586=AXIS2_PLACEMENT_3D('',#3868,#3165,#3166);
#2587=AXIS2_PLACEMENT_3D('',#3870,#3168,#3169);
#2588=AXIS2_PLACEMENT_3D('',#3871,#3170,#3171);
#2589=AXIS2_PLACEMENT_3D('',#3879,#3175,#3176);
#2590=AXIS2_PLACEMENT_3D('',#3880,#3177,#3178);
#2591=AXIS2_PLACEMENT_3D('',#3883,#3180,#3181);
#2592=AXIS2_PLACEMENT_3D('',#3884,#3182,#3183);
#2593=AXIS2_PLACEMENT_3D('',#3886,#3185,#3186);
#2594=AXIS2_PLACEMENT_3D('',#3901,#3201,#3202);
#2595=AXIS2_PLACEMENT_3D('',#3904,#3205,#3206);
#2596=AXIS2_PLACEMENT_3D('',#3907,#3209,#3210);
#2597=AXIS2_PLACEMENT_3D('',#3908,#3211,#3212);
#2598=AXIS2_PLACEMENT_3D('',#3909,#3213,#3214);
#2599=AXIS2_PLACEMENT_3D('',#3910,#3215,#3216);
#2600=AXIS2_PLACEMENT_3D('',#3911,#3217,#3218);
#2601=DIRECTION('',(0.,0.,1.));
#2602=DIRECTION('',(1.,0.,0.));
#2603=DIRECTION('',(0.,0.,1.));
#2604=DIRECTION('',(1.,0.,0.));
#2605=DIRECTION('',(0.,1.,0.));
#2606=DIRECTION('',(1.,0.,0.));
#2607=DIRECTION('',(0.,1.,0.));
#2608=DIRECTION('',(-1.,0.,0.));
#2609=DIRECTION('',(0.,-1.,0.));
#2610=DIRECTION('',(1.,0.,0.));
#2611=DIRECTION('',(0.499999999999991,0.,0.866025403784444));
#2612=DIRECTION('',(0.5,0.,-0.866025403784439));
#2613=DIRECTION('',(-1.,0.,0.));
#2614=DIRECTION('',(0.5,0.,-0.866025403784439));
#2615=DIRECTION('',(-1.,0.,0.));
#2616=DIRECTION('',(0.5,0.,0.866025403784438));
#2617=DIRECTION('',(0.,0.,-1.));
#2618=DIRECTION('',(-1.,0.,0.));
#2619=DIRECTION('',(0.5,0.,-0.866025403784439));
#2620=DIRECTION('',(-1.,0.,0.));
#2621=DIRECTION('',(0.5,0.,0.866025403784438));
#2622=DIRECTION('',(-1.,0.,0.));
#2623=DIRECTION('',(0.499999999999991,0.,0.866025403784444));
#2624=DIRECTION('',(0.5,0.,-0.866025403784439));
#2625=DIRECTION('',(-1.,0.,0.));
#2626=DIRECTION('',(0.5,0.,-0.866025403784439));
#2627=DIRECTION('',(-1.,0.,0.));
#2628=DIRECTION('',(0.5,0.,0.866025403784438));
#2629=DIRECTION('',(-1.,0.,0.));
#2630=DIRECTION('',(0.499999999999992,0.,0.866025403784444));
#2631=DIRECTION('',(0.5,0.,-0.866025403784439));
#2632=DIRECTION('',(-1.,0.,0.));
#2633=DIRECTION('',(0.5,0.,-0.866025403784439));
#2634=DIRECTION('',(-1.,0.,0.));
#2635=DIRECTION('',(0.5,0.,0.866025403784438));
#2636=DIRECTION('',(-1.,0.,0.));
#2637=DIRECTION('',(0.499999999999992,0.,0.866025403784444));
#2638=DIRECTION('',(0.5,0.,-0.866025403784439));
#2639=DIRECTION('',(-1.,0.,0.));
#2640=DIRECTION('',(0.5,0.,-0.866025403784439));
#2641=DIRECTION('',(-1.,0.,0.));
#2642=DIRECTION('',(0.5,0.,0.866025403784438));
#2643=DIRECTION('',(-1.,0.,0.));
#2644=DIRECTION('',(0.499999999999991,0.,0.866025403784444));
#2645=DIRECTION('',(0.5,0.,-0.866025403784439));
#2646=DIRECTION('',(-1.,0.,0.));
#2647=DIRECTION('',(0.5,0.,-0.866025403784439));
#2648=DIRECTION('',(-1.,0.,0.));
#2649=DIRECTION('',(0.5,0.,0.866025403784438));
#2650=DIRECTION('',(-1.,0.,0.));
#2651=DIRECTION('',(0.499999999999992,0.,0.866025403784444));
#2652=DIRECTION('',(0.5,0.,-0.866025403784439));
#2653=DIRECTION('',(-1.,0.,0.));
#2654=DIRECTION('',(0.5,0.,-0.866025403784439));
#2655=DIRECTION('',(-1.,0.,0.));
#2656=DIRECTION('',(0.5,0.,0.866025403784438));
#2657=DIRECTION('',(-1.,0.,0.));
#2658=DIRECTION('',(0.499999999999991,0.,0.866025403784444));
#2659=DIRECTION('',(0.5,0.,-0.866025403784439));
#2660=DIRECTION('',(-1.,0.,0.));
#2661=DIRECTION('',(0.5,0.,-0.866025403784439));
#2662=DIRECTION('',(-1.,0.,0.));
#2663=DIRECTION('',(0.5,0.,0.866025403784438));
#2664=DIRECTION('',(-1.,0.,0.));
#2665=DIRECTION('',(0.,0.,-1.));
#2666=DIRECTION('',(1.,0.,0.));
#2667=DIRECTION('',(-1.,0.,0.));
#2668=DIRECTION('',(0.5,0.,0.866025403784439));
#2669=DIRECTION('',(0.5,0.,-0.866025403784439));
#2670=DIRECTION('',(-1.,0.,0.));
#2671=DIRECTION('',(0.5,0.,0.866025403784438));
#2672=DIRECTION('',(0.5,0.,-0.866025403784439));
#2673=DIRECTION('',(-1.,0.,0.));
#2674=DIRECTION('',(0.5,0.,0.866025403784438));
#2675=DIRECTION('',(0.5,0.,-0.866025403784439));
#2676=DIRECTION('',(-1.,0.,0.));
#2677=DIRECTION('',(0.5,0.,0.866025403784438));
#2678=DIRECTION('',(0.5,0.,-0.866025403784439));
#2679=DIRECTION('',(-1.,0.,0.));
#2680=DIRECTION('',(0.5,0.,0.866025403784439));
#2681=DIRECTION('',(0.5,0.,-0.866025403784439));
#2682=DIRECTION('',(0.,-1.,0.));
#2683=DIRECTION('',(0.,0.,-1.));
#2684=DIRECTION('',(0.,-1.,0.));
#2685=DIRECTION('',(0.,0.,-1.));
#2686=DIRECTION('',(0.,-1.,0.));
#2687=DIRECTION('',(0.,0.,-1.));
#2688=DIRECTION('',(0.,-1.,0.));
#2689=DIRECTION('',(0.,0.,-1.));
#2690=DIRECTION('',(-1.,0.,0.));
#2691=DIRECTION('',(0.499999999999991,0.,0.866025403784444));
#2692=DIRECTION('',(0.5,0.,-0.866025403784439));
#2693=DIRECTION('',(-1.,0.,0.));
#2694=DIRECTION('',(0.499999999999992,0.,0.866025403784444));
#2695=DIRECTION('',(0.5,0.,-0.866025403784439));
#2696=DIRECTION('',(-1.,0.,0.));
#2697=DIRECTION('',(0.499999999999991,0.,0.866025403784444));
#2698=DIRECTION('',(0.5,0.,-0.866025403784439));
#2699=DIRECTION('',(-1.,0.,0.));
#2700=DIRECTION('',(0.499999999999992,0.,0.866025403784444));
#2701=DIRECTION('',(0.5,0.,-0.866025403784439));
#2702=DIRECTION('',(-1.,0.,0.));
#2703=DIRECTION('',(0.499999999999992,0.,0.866025403784444));
#2704=DIRECTION('',(0.5,0.,-0.866025403784439));
#2705=DIRECTION('',(0.5,0.,0.866025403784439));
#2706=DIRECTION('',(0.5,0.,-0.866025403784439));
#2707=DIRECTION('',(-1.,0.,0.));
#2708=DIRECTION('',(-0.866025403784438,0.,0.5));
#2709=DIRECTION('',(0.5,0.,0.866025403784439));
#2710=DIRECTION('',(0.5,0.,0.866025403784439));
#2711=DIRECTION('',(0.,1.,0.));
#2712=DIRECTION('',(0.,1.,0.));
#2713=DIRECTION('',(0.866025403784439,0.,0.5));
#2714=DIRECTION('',(0.5,0.,-0.866025403784439));
#2715=DIRECTION('',(0.5,0.,-0.866025403784439));
#2716=DIRECTION('',(0.,1.,0.));
#2717=DIRECTION('',(0.,0.,-1.));
#2718=DIRECTION('',(-1.,0.,0.));
#2719=DIRECTION('',(0.,1.,0.));
#2720=DIRECTION('',(-1.,0.,0.));
#2721=DIRECTION('',(0.,1.,0.));
#2722=DIRECTION('',(-1.,0.,0.));
#2723=DIRECTION('',(-0.866025403784444,0.,0.499999999999991));
#2724=DIRECTION('',(0.499999999999991,0.,0.866025403784444));
#2725=DIRECTION('',(-0.866025403784444,0.,0.499999999999991));
#2726=DIRECTION('',(-0.499999999999991,0.,-0.866025403784444));
#2727=DIRECTION('',(0.499999999999991,0.,0.866025403784444));
#2728=DIRECTION('',(0.,1.,0.));
#2729=DIRECTION('',(-0.866025403784444,0.,0.499999999999991));
#2730=DIRECTION('',(-0.499999999999991,0.,-0.866025403784444));
#2731=DIRECTION('',(0.,0.,-1.));
#2732=DIRECTION('',(-1.,0.,0.));
#2733=DIRECTION('',(-1.,0.,0.));
#2734=DIRECTION('',(0.,1.,0.));
#2735=DIRECTION('',(0.,1.,0.));
#2736=DIRECTION('',(-0.866025403784444,0.,0.499999999999991));
#2737=DIRECTION('',(0.499999999999992,0.,0.866025403784444));
#2738=DIRECTION('',(0.499999999999992,0.,0.866025403784444));
#2739=DIRECTION('',(0.,1.,0.));
#2740=DIRECTION('',(0.,0.,-1.));
#2741=DIRECTION('',(-1.,0.,0.));
#2742=DIRECTION('',(0.,1.,0.));
#2743=DIRECTION('',(-1.,0.,0.));
#2744=DIRECTION('',(0.,1.,0.));
#2745=DIRECTION('',(-1.,0.,0.));
#2746=DIRECTION('',(-0.866025403784443,0.,0.499999999999992));
#2747=DIRECTION('',(0.499999999999992,0.,0.866025403784444));
#2748=DIRECTION('',(-0.866025403784443,0.,0.499999999999992));
#2749=DIRECTION('',(-0.499999999999992,0.,-0.866025403784444));
#2750=DIRECTION('',(0.499999999999992,0.,0.866025403784444));
#2751=DIRECTION('',(0.,1.,0.));
#2752=DIRECTION('',(-0.866025403784443,0.,0.499999999999992));
#2753=DIRECTION('',(-0.499999999999992,0.,-0.866025403784444));
#2754=DIRECTION('',(0.,0.,-1.));
#2755=DIRECTION('',(-1.,0.,0.));
#2756=DIRECTION('',(-1.,0.,0.));
#2757=DIRECTION('',(0.,1.,0.));
#2758=DIRECTION('',(0.,1.,0.));
#2759=DIRECTION('',(-0.866025403784444,0.,0.499999999999992));
#2760=DIRECTION('',(0.499999999999992,0.,0.866025403784444));
#2761=DIRECTION('',(0.499999999999992,0.,0.866025403784444));
#2762=DIRECTION('',(0.,1.,0.));
#2763=DIRECTION('',(0.,0.,-1.));
#2764=DIRECTION('',(-1.,0.,0.));
#2765=DIRECTION('',(0.,1.,0.));
#2766=DIRECTION('',(-1.,0.,0.));
#2767=DIRECTION('',(0.,1.,0.));
#2768=DIRECTION('',(-1.,0.,0.));
#2769=DIRECTION('',(-0.866025403784444,0.,0.499999999999991));
#2770=DIRECTION('',(0.499999999999992,0.,0.866025403784444));
#2771=DIRECTION('',(-0.866025403784444,0.,0.499999999999991));
#2772=DIRECTION('',(-0.499999999999992,0.,-0.866025403784444));
#2773=DIRECTION('',(0.499999999999992,0.,0.866025403784444));
#2774=DIRECTION('',(0.,1.,0.));
#2775=DIRECTION('',(-0.866025403784444,0.,0.499999999999991));
#2776=DIRECTION('',(-0.499999999999992,0.,-0.866025403784444));
#2777=DIRECTION('',(0.,0.,-1.));
#2778=DIRECTION('',(-1.,0.,0.));
#2779=DIRECTION('',(-1.,0.,0.));
#2780=DIRECTION('',(0.,1.,0.));
#2781=DIRECTION('',(0.,1.,0.));
#2782=DIRECTION('',(-0.866025403784444,0.,0.499999999999991));
#2783=DIRECTION('',(0.499999999999991,0.,0.866025403784444));
#2784=DIRECTION('',(0.499999999999991,0.,0.866025403784444));
#2785=DIRECTION('',(0.,1.,0.));
#2786=DIRECTION('',(0.,0.,-1.));
#2787=DIRECTION('',(-1.,0.,0.));
#2788=DIRECTION('',(0.,1.,0.));
#2789=DIRECTION('',(-1.,0.,0.));
#2790=DIRECTION('',(0.,1.,0.));
#2791=DIRECTION('',(-1.,0.,0.));
#2792=DIRECTION('',(-0.866025403784444,0.,0.499999999999991));
#2793=DIRECTION('',(0.499999999999991,0.,0.866025403784444));
#2794=DIRECTION('',(-0.866025403784444,0.,0.499999999999991));
#2795=DIRECTION('',(-0.499999999999991,0.,-0.866025403784444));
#2796=DIRECTION('',(0.499999999999991,0.,0.866025403784444));
#2797=DIRECTION('',(0.,1.,0.));
#2798=DIRECTION('',(-0.866025403784444,0.,0.499999999999991));
#2799=DIRECTION('',(-0.499999999999991,0.,-0.866025403784444));
#2800=DIRECTION('',(0.,0.,-1.));
#2801=DIRECTION('',(-1.,0.,0.));
#2802=DIRECTION('',(-1.,0.,0.));
#2803=DIRECTION('',(0.,1.,0.));
#2804=DIRECTION('',(0.,1.,0.));
#2805=DIRECTION('',(-0.866025403784444,0.,0.499999999999991));
#2806=DIRECTION('',(0.499999999999992,0.,0.866025403784444));
#2807=DIRECTION('',(0.499999999999992,0.,0.866025403784444));
#2808=DIRECTION('',(0.,1.,0.));
#2809=DIRECTION('',(0.,0.,-1.));
#2810=DIRECTION('',(-1.,0.,0.));
#2811=DIRECTION('',(0.,1.,0.));
#2812=DIRECTION('',(-1.,0.,0.));
#2813=DIRECTION('',(0.,1.,0.));
#2814=DIRECTION('',(-1.,0.,0.));
#2815=DIRECTION('',(-0.866025403784444,0.,0.499999999999991));
#2816=DIRECTION('',(0.499999999999992,0.,0.866025403784444));
#2817=DIRECTION('',(-0.866025403784444,0.,0.499999999999991));
#2818=DIRECTION('',(-0.499999999999992,0.,-0.866025403784444));
#2819=DIRECTION('',(0.499999999999992,0.,0.866025403784444));
#2820=DIRECTION('',(0.,1.,0.));
#2821=DIRECTION('',(-0.866025403784444,0.,0.499999999999991));
#2822=DIRECTION('',(-0.499999999999992,0.,-0.866025403784444));
#2823=DIRECTION('',(0.,0.,-1.));
#2824=DIRECTION('',(-1.,0.,0.));
#2825=DIRECTION('',(-1.,0.,0.));
#2826=DIRECTION('',(0.,1.,0.));
#2827=DIRECTION('',(0.,1.,0.));
#2828=DIRECTION('',(-0.866025403784444,0.,0.499999999999991));
#2829=DIRECTION('',(0.499999999999991,0.,0.866025403784444));
#2830=DIRECTION('',(0.499999999999991,0.,0.866025403784444));
#2831=DIRECTION('',(0.,1.,0.));
#2832=DIRECTION('',(0.,0.,-1.));
#2833=DIRECTION('',(-1.,0.,0.));
#2834=DIRECTION('',(0.,1.,0.));
#2835=DIRECTION('',(-1.,0.,0.));
#2836=DIRECTION('',(0.,1.,0.));
#2837=DIRECTION('',(-1.,0.,0.));
#2838=DIRECTION('',(-0.866025403784444,0.,0.499999999999991));
#2839=DIRECTION('',(0.499999999999991,0.,0.866025403784444));
#2840=DIRECTION('',(-0.866025403784444,0.,0.499999999999991));
#2841=DIRECTION('',(-0.499999999999991,0.,-0.866025403784444));
#2842=DIRECTION('',(0.499999999999991,0.,0.866025403784444));
#2843=DIRECTION('',(0.,1.,0.));
#2844=DIRECTION('',(-0.866025403784444,0.,0.499999999999991));
#2845=DIRECTION('',(-0.499999999999991,0.,-0.866025403784444));
#2846=DIRECTION('',(0.,0.,-1.));
#2847=DIRECTION('',(-1.,0.,0.));
#2848=DIRECTION('',(-1.,0.,0.));
#2849=DIRECTION('',(0.,1.,0.));
#2850=DIRECTION('',(0.,1.,0.));
#2851=DIRECTION('',(-0.866025403784438,0.,0.5));
#2852=DIRECTION('',(0.5,0.,0.866025403784439));
#2853=DIRECTION('',(0.5,0.,0.866025403784438));
#2854=DIRECTION('',(-0.866025403784438,0.,0.5));
#2855=DIRECTION('',(-0.5,0.,-0.866025403784439));
#2856=DIRECTION('',(0.,1.,0.));
#2857=DIRECTION('',(-0.866025403784438,0.,0.5));
#2858=DIRECTION('',(-0.5,0.,-0.866025403784439));
#2859=DIRECTION('',(0.,0.,-1.));
#2860=DIRECTION('',(-1.,0.,0.));
#2861=DIRECTION('',(-1.,0.,0.));
#2862=DIRECTION('',(0.,1.,0.));
#2863=DIRECTION('',(0.,1.,0.));
#2864=DIRECTION('',(-0.866025403784438,0.,0.5));
#2865=DIRECTION('',(0.5,0.,0.866025403784439));
#2866=DIRECTION('',(0.5,0.,0.866025403784439));
#2867=DIRECTION('',(0.,1.,0.));
#2868=DIRECTION('',(0.,0.,-1.));
#2869=DIRECTION('',(-1.,0.,0.));
#2870=DIRECTION('',(-1.,0.,0.));
#2871=DIRECTION('',(0.,1.,0.));
#2872=DIRECTION('',(0.,1.,0.));
#2873=DIRECTION('',(-0.866025403784438,0.,0.5));
#2874=DIRECTION('',(0.5,0.,0.866025403784438));
#2875=DIRECTION('',(0.5,0.,0.866025403784438));
#2876=DIRECTION('',(-0.866025403784438,0.,0.5));
#2877=DIRECTION('',(-0.5,0.,-0.866025403784438));
#2878=DIRECTION('',(0.,1.,0.));
#2879=DIRECTION('',(-0.866025403784438,0.,0.5));
#2880=DIRECTION('',(-0.5,0.,-0.866025403784438));
#2881=DIRECTION('',(0.,0.,-1.));
#2882=DIRECTION('',(-1.,0.,0.));
#2883=DIRECTION('',(-1.,0.,0.));
#2884=DIRECTION('',(0.,1.,0.));
#2885=DIRECTION('',(0.,1.,0.));
#2886=DIRECTION('',(-0.866025403784439,0.,0.5));
#2887=DIRECTION('',(0.5,0.,0.866025403784439));
#2888=DIRECTION('',(0.5,0.,0.866025403784438));
#2889=DIRECTION('',(0.,1.,0.));
#2890=DIRECTION('',(0.,0.,-1.));
#2891=DIRECTION('',(-1.,0.,0.));
#2892=DIRECTION('',(-1.,0.,0.));
#2893=DIRECTION('',(0.,1.,0.));
#2894=DIRECTION('',(0.,1.,0.));
#2895=DIRECTION('',(-0.866025403784438,0.,0.5));
#2896=DIRECTION('',(0.5,0.,0.866025403784438));
#2897=DIRECTION('',(0.5,0.,0.866025403784438));
#2898=DIRECTION('',(-0.866025403784438,0.,0.5));
#2899=DIRECTION('',(-0.5,0.,-0.866025403784438));
#2900=DIRECTION('',(0.,1.,0.));
#2901=DIRECTION('',(-0.866025403784438,0.,0.5));
#2902=DIRECTION('',(-0.5,0.,-0.866025403784438));
#2903=DIRECTION('',(0.,0.,-1.));
#2904=DIRECTION('',(-1.,0.,0.));
#2905=DIRECTION('',(-1.,0.,0.));
#2906=DIRECTION('',(0.,1.,0.));
#2907=DIRECTION('',(0.,1.,0.));
#2908=DIRECTION('',(-0.866025403784439,0.,0.5));
#2909=DIRECTION('',(0.5,0.,0.866025403784439));
#2910=DIRECTION('',(0.5,0.,0.866025403784438));
#2911=DIRECTION('',(0.,1.,0.));
#2912=DIRECTION('',(0.,0.,-1.));
#2913=DIRECTION('',(-1.,0.,0.));
#2914=DIRECTION('',(-1.,0.,0.));
#2915=DIRECTION('',(0.,1.,0.));
#2916=DIRECTION('',(0.,1.,0.));
#2917=DIRECTION('',(-0.866025403784438,0.,0.5));
#2918=DIRECTION('',(0.5,0.,0.866025403784438));
#2919=DIRECTION('',(0.5,0.,0.866025403784438));
#2920=DIRECTION('',(-0.866025403784438,0.,0.5));
#2921=DIRECTION('',(-0.5,0.,-0.866025403784438));
#2922=DIRECTION('',(0.,1.,0.));
#2923=DIRECTION('',(-0.866025403784438,0.,0.5));
#2924=DIRECTION('',(-0.5,0.,-0.866025403784438));
#2925=DIRECTION('',(0.,0.,-1.));
#2926=DIRECTION('',(-1.,0.,0.));
#2927=DIRECTION('',(-1.,0.,0.));
#2928=DIRECTION('',(0.,1.,0.));
#2929=DIRECTION('',(0.,1.,0.));
#2930=DIRECTION('',(-0.866025403784438,0.,0.5));
#2931=DIRECTION('',(0.5,0.,0.866025403784439));
#2932=DIRECTION('',(0.5,0.,0.866025403784438));
#2933=DIRECTION('',(0.,1.,0.));
#2934=DIRECTION('',(0.,0.,-1.));
#2935=DIRECTION('',(-1.,0.,0.));
#2936=DIRECTION('',(-1.,0.,0.));
#2937=DIRECTION('',(0.,1.,0.));
#2938=DIRECTION('',(0.,1.,0.));
#2939=DIRECTION('',(-0.866025403784438,0.,0.5));
#2940=DIRECTION('',(0.5,0.,0.866025403784439));
#2941=DIRECTION('',(0.5,0.,0.866025403784438));
#2942=DIRECTION('',(-0.866025403784438,0.,0.5));
#2943=DIRECTION('',(-0.5,0.,-0.866025403784439));
#2944=DIRECTION('',(0.,1.,0.));
#2945=DIRECTION('',(-0.866025403784438,0.,0.5));
#2946=DIRECTION('',(-0.5,0.,-0.866025403784439));
#2947=DIRECTION('',(0.,0.,-1.));
#2948=DIRECTION('',(-1.,0.,0.));
#2949=DIRECTION('',(-1.,0.,0.));
#2950=DIRECTION('',(0.,1.,0.));
#2951=DIRECTION('',(0.,1.,0.));
#2952=DIRECTION('',(-0.866025403784438,0.,0.5));
#2953=DIRECTION('',(0.5,0.,0.866025403784439));
#2954=DIRECTION('',(0.5,0.,0.866025403784439));
#2955=DIRECTION('',(0.,1.,0.));
#2956=DIRECTION('',(0.,0.,-1.));
#2957=DIRECTION('',(-1.,0.,0.));
#2958=DIRECTION('',(-1.,0.,0.));
#2959=DIRECTION('',(0.,1.,0.));
#2960=DIRECTION('',(0.,1.,0.));
#2961=DIRECTION('',(-0.866025403784438,0.,0.5));
#2962=DIRECTION('',(0.5,0.,0.866025403784439));
#2963=DIRECTION('',(0.5,0.,0.866025403784438));
#2964=DIRECTION('',(-0.866025403784438,0.,0.5));
#2965=DIRECTION('',(-0.5,0.,-0.866025403784439));
#2966=DIRECTION('',(0.,1.,0.));
#2967=DIRECTION('',(-0.866025403784438,0.,0.5));
#2968=DIRECTION('',(-0.5,0.,-0.866025403784439));
#2969=DIRECTION('',(0.,0.,-1.));
#2970=DIRECTION('',(-1.,0.,0.));
#2971=DIRECTION('',(-1.,0.,0.));
#2972=DIRECTION('',(0.,1.,0.));
#2973=DIRECTION('',(0.,1.,0.));
#2974=DIRECTION('',(-0.866025403784438,0.,0.5));
#2975=DIRECTION('',(0.5,0.,0.866025403784439));
#2976=DIRECTION('',(0.5,0.,0.866025403784438));
#2977=DIRECTION('',(-0.866025403784438,0.,0.5));
#2978=DIRECTION('',(-0.5,0.,-0.866025403784439));
#2979=DIRECTION('',(0.,1.,0.));
#2980=DIRECTION('',(-0.866025403784438,0.,0.5));
#2981=DIRECTION('',(-0.5,0.,-0.866025403784439));
#2982=DIRECTION('',(0.866025403784439,0.,0.5));
#2983=DIRECTION('',(0.5,0.,-0.866025403784439));
#2984=DIRECTION('',(0.5,0.,-0.866025403784439));
#2985=DIRECTION('',(0.,1.,0.));
#2986=DIRECTION('',(0.,1.,0.));
#2987=DIRECTION('',(0.,0.,-1.));
#2988=DIRECTION('',(-1.,0.,0.));
#2989=DIRECTION('',(-1.,0.,0.));
#2990=DIRECTION('',(0.,1.,0.));
#2991=DIRECTION('',(-0.866025403784444,0.,0.499999999999991));
#2992=DIRECTION('',(0.499999999999991,0.,0.866025403784444));
#2993=DIRECTION('',(0.499999999999991,0.,0.866025403784444));
#2994=DIRECTION('',(0.,1.,0.));
#2995=DIRECTION('',(0.,1.,0.));
#2996=DIRECTION('',(0.866025403784439,0.,0.5));
#2997=DIRECTION('',(0.5,0.,-0.866025403784439));
#2998=DIRECTION('',(0.5,0.,-0.866025403784439));
#2999=DIRECTION('',(0.,1.,0.));
#3000=DIRECTION('',(0.,0.,1.));
#3001=DIRECTION('',(1.,0.,0.));
#3002=DIRECTION('',(0.,1.,0.));
#3003=DIRECTION('',(1.,0.,0.));
#3004=DIRECTION('',(0.,1.,0.));
#3005=DIRECTION('',(1.,0.,0.));
#3006=DIRECTION('',(1.,0.,0.));
#3007=DIRECTION('',(0.,0.,-1.));
#3008=DIRECTION('',(0.,0.,-1.));
#3009=DIRECTION('',(1.,0.,0.));
#3010=DIRECTION('',(0.,0.,-1.));
#3011=DIRECTION('',(1.,0.,0.));
#3012=DIRECTION('',(0.,0.,-1.));
#3013=DIRECTION('',(0.,0.,-1.));
#3014=DIRECTION('',(0.,1.,0.));
#3015=DIRECTION('',(1.,0.,0.));
#3016=DIRECTION('',(0.,0.,-1.));
#3017=DIRECTION('',(1.,0.,0.));
#3018=DIRECTION('',(0.,0.,-1.));
#3019=DIRECTION('',(0.,0.,1.));
#3020=DIRECTION('',(0.,1.,0.));
#3021=DIRECTION('',(0.,0.,1.));
#3022=DIRECTION('',(1.,0.,0.));
#3023=DIRECTION('',(1.,0.,0.));
#3024=DIRECTION('',(0.,1.,0.));
#3025=DIRECTION('',(0.866025403784439,0.,0.5));
#3026=DIRECTION('',(0.5,0.,-0.866025403784439));
#3027=DIRECTION('',(0.5,0.,-0.866025403784439));
#3028=DIRECTION('',(0.866025403784439,0.,0.5));
#3029=DIRECTION('',(-0.5,0.,0.866025403784439));
#3030=DIRECTION('',(0.866025403784439,0.,0.5));
#3031=DIRECTION('',(-0.5,0.,0.866025403784439));
#3032=DIRECTION('',(0.866025403784439,0.,0.5));
#3033=DIRECTION('',(0.5,0.,-0.866025403784439));
#3034=DIRECTION('',(0.5,0.,-0.866025403784439));
#3035=DIRECTION('',(0.866025403784439,0.,0.5));
#3036=DIRECTION('',(0.5,0.,-0.866025403784439));
#3037=DIRECTION('',(0.5,0.,-0.866025403784439));
#3038=DIRECTION('',(0.866025403784439,0.,0.5));
#3039=DIRECTION('',(-0.5,0.,0.866025403784439));
#3040=DIRECTION('',(0.866025403784439,0.,0.5));
#3041=DIRECTION('',(-0.5,0.,0.866025403784439));
#3042=DIRECTION('',(0.866025403784438,0.,0.5));
#3043=DIRECTION('',(0.5,0.,-0.866025403784439));
#3044=DIRECTION('',(0.5,0.,-0.866025403784439));
#3045=DIRECTION('',(0.866025403784438,0.,0.5));
#3046=DIRECTION('',(0.5,0.,-0.866025403784439));
#3047=DIRECTION('',(0.5,0.,-0.866025403784439));
#3048=DIRECTION('',(0.866025403784438,0.,0.5));
#3049=DIRECTION('',(-0.5,0.,0.866025403784439));
#3050=DIRECTION('',(0.866025403784438,0.,0.5));
#3051=DIRECTION('',(-0.5,0.,0.866025403784439));
#3052=DIRECTION('',(0.866025403784438,0.,0.5));
#3053=DIRECTION('',(0.5,0.,-0.866025403784439));
#3054=DIRECTION('',(0.5,0.,-0.866025403784439));
#3055=DIRECTION('',(0.866025403784438,0.,0.5));
#3056=DIRECTION('',(0.5,0.,-0.866025403784439));
#3057=DIRECTION('',(0.5,0.,-0.866025403784439));
#3058=DIRECTION('',(0.866025403784438,0.,0.5));
#3059=DIRECTION('',(-0.5,0.,0.866025403784439));
#3060=DIRECTION('',(0.866025403784438,0.,0.5));
#3061=DIRECTION('',(-0.5,0.,0.866025403784439));
#3062=DIRECTION('',(0.866025403784438,0.,0.5));
#3063=DIRECTION('',(0.5,0.,-0.866025403784439));
#3064=DIRECTION('',(0.5,0.,-0.866025403784439));
#3065=DIRECTION('',(0.866025403784438,0.,0.5));
#3066=DIRECTION('',(0.5,0.,-0.866025403784439));
#3067=DIRECTION('',(0.5,0.,-0.866025403784439));
#3068=DIRECTION('',(0.866025403784438,0.,0.5));
#3069=DIRECTION('',(-0.5,0.,0.866025403784439));
#3070=DIRECTION('',(0.866025403784438,0.,0.5));
#3071=DIRECTION('',(-0.5,0.,0.866025403784439));
#3072=DIRECTION('',(0.866025403784439,0.,0.5));
#3073=DIRECTION('',(0.5,0.,-0.866025403784439));
#3074=DIRECTION('',(0.5,0.,-0.866025403784439));
#3075=DIRECTION('',(0.866025403784439,0.,0.5));
#3076=DIRECTION('',(0.5,0.,-0.866025403784439));
#3077=DIRECTION('',(0.5,0.,-0.866025403784439));
#3078=DIRECTION('',(0.866025403784439,0.,0.5));
#3079=DIRECTION('',(-0.5,0.,0.866025403784439));
#3080=DIRECTION('',(0.866025403784439,0.,0.5));
#3081=DIRECTION('',(-0.5,0.,0.866025403784439));
#3082=DIRECTION('',(0.,1.,0.));
#3083=DIRECTION('',(0.,0.,1.));
#3084=DIRECTION('',(0.,-1.,0.));
#3085=DIRECTION('',(0.,0.,-1.));
#3086=DIRECTION('',(0.,1.,0.));
#3087=DIRECTION('',(0.,0.,1.));
#3088=DIRECTION('',(0.,-1.,0.));
#3089=DIRECTION('',(0.,0.,-1.));
#3090=DIRECTION('',(0.,1.,0.));
#3091=DIRECTION('',(0.,0.,1.));
#3092=DIRECTION('',(0.,-1.,0.));
#3093=DIRECTION('',(0.,0.,-1.));
#3094=DIRECTION('',(0.,1.,0.));
#3095=DIRECTION('',(0.,0.,1.));
#3096=DIRECTION('',(0.,-1.,0.));
#3097=DIRECTION('',(0.,0.,-1.));
#3098=DIRECTION('',(0.866025403784439,0.,0.5));
#3099=DIRECTION('',(0.5,0.,-0.866025403784439));
#3100=DIRECTION('',(0.866025403784439,0.,0.5));
#3101=DIRECTION('',(-0.5,0.,0.866025403784439));
#3102=DIRECTION('',(0.5,0.,-0.866025403784439));
#3103=DIRECTION('',(0.866025403784439,0.,0.5));
#3104=DIRECTION('',(-0.5,0.,0.866025403784439));
#3105=DIRECTION('',(0.866025403784439,0.,0.5));
#3106=DIRECTION('',(0.5,0.,-0.866025403784439));
#3107=DIRECTION('',(0.5,0.,-0.866025403784439));
#3108=DIRECTION('',(0.866025403784439,0.,0.5));
#3109=DIRECTION('',(0.5,0.,-0.866025403784439));
#3110=DIRECTION('',(0.866025403784439,0.,0.5));
#3111=DIRECTION('',(-0.5,0.,0.866025403784439));
#3112=DIRECTION('',(0.5,0.,-0.866025403784439));
#3113=DIRECTION('',(0.866025403784439,0.,0.5));
#3114=DIRECTION('',(-0.5,0.,0.866025403784439));
#3115=DIRECTION('',(0.866025403784439,0.,0.5));
#3116=DIRECTION('',(0.5,0.,-0.866025403784439));
#3117=DIRECTION('',(0.5,0.,-0.866025403784439));
#3118=DIRECTION('',(0.866025403784439,0.,0.5));
#3119=DIRECTION('',(0.5,0.,-0.866025403784439));
#3120=DIRECTION('',(0.866025403784439,0.,0.5));
#3121=DIRECTION('',(-0.5,0.,0.866025403784439));
#3122=DIRECTION('',(0.5,0.,-0.866025403784439));
#3123=DIRECTION('',(0.866025403784439,0.,0.5));
#3124=DIRECTION('',(-0.5,0.,0.866025403784439));
#3125=DIRECTION('',(0.866025403784439,0.,0.5));
#3126=DIRECTION('',(0.5,0.,-0.866025403784439));
#3127=DIRECTION('',(0.5,0.,-0.866025403784439));
#3128=DIRECTION('',(0.866025403784439,0.,0.5));
#3129=DIRECTION('',(0.5,0.,-0.866025403784439));
#3130=DIRECTION('',(0.866025403784439,0.,0.5));
#3131=DIRECTION('',(-0.5,0.,0.866025403784439));
#3132=DIRECTION('',(0.5,0.,-0.866025403784439));
#3133=DIRECTION('',(0.866025403784439,0.,0.5));
#3134=DIRECTION('',(-0.5,0.,0.866025403784439));
#3135=DIRECTION('',(0.866025403784439,0.,0.5));
#3136=DIRECTION('',(0.5,0.,-0.866025403784439));
#3137=DIRECTION('',(0.5,0.,-0.866025403784439));
#3138=DIRECTION('',(0.866025403784439,0.,0.5));
#3139=DIRECTION('',(0.5,0.,-0.866025403784439));
#3140=DIRECTION('',(0.866025403784439,0.,0.5));
#3141=DIRECTION('',(-0.5,0.,0.866025403784439));
#3142=DIRECTION('',(0.5,0.,-0.866025403784439));
#3143=DIRECTION('',(0.866025403784439,0.,0.5));
#3144=DIRECTION('',(-0.5,0.,0.866025403784439));
#3145=DIRECTION('',(0.866025403784439,0.,0.5));
#3146=DIRECTION('',(0.5,0.,-0.866025403784439));
#3147=DIRECTION('',(0.5,0.,-0.866025403784439));
#3148=DIRECTION('',(0.866025403784439,0.,0.5));
#3149=DIRECTION('',(0.5,0.,-0.866025403784439));
#3150=DIRECTION('',(0.866025403784439,0.,0.5));
#3151=DIRECTION('',(-0.5,0.,0.866025403784439));
#3152=DIRECTION('',(0.5,0.,-0.866025403784439));
#3153=DIRECTION('',(0.866025403784439,0.,0.5));
#3154=DIRECTION('',(-0.5,0.,0.866025403784439));
#3155=DIRECTION('',(0.866025403784439,0.,0.5));
#3156=DIRECTION('',(0.5,0.,-0.866025403784439));
#3157=DIRECTION('',(0.866025403784439,0.,0.5));
#3158=DIRECTION('',(-0.5,0.,0.866025403784439));
#3159=DIRECTION('',(0.5,0.,-0.866025403784439));
#3160=DIRECTION('',(0.866025403784439,0.,0.5));
#3161=DIRECTION('',(-0.5,0.,0.866025403784439));
#3162=DIRECTION('',(-0.866025403784439,0.,0.5));
#3163=DIRECTION('',(0.5,0.,0.866025403784439));
#3164=DIRECTION('',(0.5,0.,0.866025403784438));
#3165=DIRECTION('',(0.,0.,-1.));
#3166=DIRECTION('',(-1.,0.,0.));
#3167=DIRECTION('',(-1.,0.,0.));
#3168=DIRECTION('',(1.,0.,0.));
#3169=DIRECTION('',(0.,0.,-1.));
#3170=DIRECTION('',(1.,0.,0.));
#3171=DIRECTION('',(0.,0.,-1.));
#3172=DIRECTION('',(0.,0.,-1.));
#3173=DIRECTION('',(0.,1.,0.));
#3174=DIRECTION('',(0.,0.,1.));
#3175=DIRECTION('',(1.,0.,0.));
#3176=DIRECTION('',(0.,0.,-1.));
#3177=DIRECTION('',(1.,0.,0.));
#3178=DIRECTION('',(0.,0.,-1.));
#3179=DIRECTION('',(0.,0.,-1.));
#3180=DIRECTION('',(1.,0.,0.));
#3181=DIRECTION('',(0.,0.,-1.));
#3182=DIRECTION('',(0.,0.,-1.));
#3183=DIRECTION('',(-1.,0.,0.));
#3184=DIRECTION('',(-1.,0.,0.));
#3185=DIRECTION('',(0.,-1.,0.));
#3186=DIRECTION('',(1.,0.,0.));
#3187=DIRECTION('',(1.,0.,0.));
#3188=DIRECTION('',(1.,0.,0.));
#3189=DIRECTION('',(1.,0.,0.));
#3190=DIRECTION('',(1.,0.,0.));
#3191=DIRECTION('',(1.,0.,0.));
#3192=DIRECTION('',(1.,0.,0.));
#3193=DIRECTION('',(1.,0.,0.));
#3194=DIRECTION('',(1.,0.,0.));
#3195=DIRECTION('',(1.,0.,0.));
#3196=DIRECTION('',(1.,0.,0.));
#3197=DIRECTION('',(1.,0.,0.));
#3198=DIRECTION('',(1.,0.,0.));
#3199=DIRECTION('',(1.,0.,0.));
#3200=DIRECTION('',(1.,0.,0.));
#3201=DIRECTION('',(0.,-1.,0.));
#3202=DIRECTION('',(1.,0.,0.));
#3203=DIRECTION('',(1.,0.,0.));
#3204=DIRECTION('',(1.,0.,0.));
#3205=DIRECTION('',(0.,-1.,0.));
#3206=DIRECTION('',(0.,0.,-1.));
#3207=DIRECTION('',(1.,0.,0.));
#3208=DIRECTION('',(1.,0.,0.));
#3209=DIRECTION('',(0.,0.,-1.));
#3210=DIRECTION('',(1.,0.,0.));
#3211=DIRECTION('',(-1.,0.,0.));
#3212=DIRECTION('',(0.,0.,1.));
#3213=DIRECTION('',(1.,0.,0.));
#3214=DIRECTION('',(0.,0.,-1.));
#3215=DIRECTION('',(-1.,0.,0.));
#3216=DIRECTION('',(0.,0.,1.));
#3217=DIRECTION('',(-1.,0.,0.));
#3218=DIRECTION('',(0.,0.,1.));
#3219=CARTESIAN_POINT('',(0.,0.,0.));
#3220=CARTESIAN_POINT('',(0.0369730213897757,-0.051,0.0306682893414688));
#3221=CARTESIAN_POINT('',(0.113973021389776,-0.051,0.0306682893414688));
#3222=CARTESIAN_POINT('',(0.113973021389776,-0.0365,0.0306682893414688));
#3223=CARTESIAN_POINT('',(0.113973021389776,-0.015,0.0306682893414688));
#3224=CARTESIAN_POINT('',(-0.0400269786102244,-0.0365,0.0306682893414688));
#3225=CARTESIAN_POINT('',(-0.0400269786102244,-0.0365,0.0306682893414688));
#3226=CARTESIAN_POINT('',(-0.0400269786102244,-0.051,0.0306682893414688));
#3227=CARTESIAN_POINT('',(-0.0400269786102244,-0.015,0.0306682893414688));
#3228=CARTESIAN_POINT('',(0.0369730213897757,-0.015,0.0306682893414688));
#3229=CARTESIAN_POINT('',(0.0369730213897757,-0.003,0.00866828934146887));
#3230=CARTESIAN_POINT('',(0.0400423296191465,-0.003,0.0112018839947612));
#3231=CARTESIAN_POINT('',(0.0367230213897757,-0.003,0.00545267349550929));
#3232=CARTESIAN_POINT('',(0.0412230213897757,-0.003,0.0132469021295692));
#3233=CARTESIAN_POINT('',(0.0347404782388017,-0.003,0.00888653896119383));
#3234=CARTESIAN_POINT('',(0.0322230213897757,-0.003,0.0132469021295692));
#3235=CARTESIAN_POINT('',(0.0367230213897757,-0.003,0.0132469021295692));
#3236=CARTESIAN_POINT('',(0.0311847864681726,-0.003,0.011901197147915));
#3237=CARTESIAN_POINT('',(0.0309730213897756,-0.003,0.0122679850229674));
#3238=CARTESIAN_POINT('',(0.0354730213897756,-0.003,0.00447375638890743));
#3239=CARTESIAN_POINT('',(0.0309730213897756,-0.003,0.00447375638890743));
#3240=CARTESIAN_POINT('',(0.0264730213897756,-0.003,0.00447375638890743));
#3241=CARTESIAN_POINT('',(0.0287230213897756,-0.003,0.00837087070593741));
#3242=CARTESIAN_POINT('',(0.113973021389776,-0.003,0.0321682893414688));
#3243=CARTESIAN_POINT('',(0.113973021389776,-0.003,0.0186682893414689));
#3244=CARTESIAN_POINT('',(0.113973021389776,-0.003,-0.0163317106585312));
#3245=CARTESIAN_POINT('',(0.0369730213897757,-0.003,0.0186682893414689));
#3246=CARTESIAN_POINT('',(0.0445513066604895,-0.003,0.0186682893414689));
#3247=CARTESIAN_POINT('',(0.0447230213897756,-0.003,0.0183708707059374));
#3248=CARTESIAN_POINT('',(0.0469730213897756,-0.003,0.0144737563889074));
#3249=CARTESIAN_POINT('',(0.0424730213897756,-0.003,0.0144737563889074));
#3250=CARTESIAN_POINT('',(0.0379730213897756,-0.003,0.0144737563889074));
#3251=CARTESIAN_POINT('',(0.0402230213897756,-0.003,0.0183708707059374));
#3252=CARTESIAN_POINT('',(0.0403947361190617,-0.003,0.0186682893414689));
#3253=CARTESIAN_POINT('',(0.0369730213897757,-0.003,0.0186682893414689));
#3254=CARTESIAN_POINT('',(0.0385795580640508,-0.003,0.0186682893414689));
#3255=CARTESIAN_POINT('',(0.0389730213897756,-0.003,0.0193497878125393));
#3256=CARTESIAN_POINT('',(0.0367230213897757,-0.003,0.0154526734955093));
#3257=CARTESIAN_POINT('',(0.0344730213897756,-0.003,0.0193497878125393));
#3258=CARTESIAN_POINT('',(0.0348664847155004,-0.003,0.0186682893414689));
#3259=CARTESIAN_POINT('',(0.0369730213897757,-0.003,0.0186682893414689));
#3260=CARTESIAN_POINT('',(0.0330513066604895,-0.003,0.0186682893414689));
#3261=CARTESIAN_POINT('',(0.0332230213897756,-0.003,0.0183708707059374));
#3262=CARTESIAN_POINT('',(0.0354730213897756,-0.003,0.0144737563889074));
#3263=CARTESIAN_POINT('',(0.0309730213897756,-0.003,0.0144737563889074));
#3264=CARTESIAN_POINT('',(0.0264730213897756,-0.003,0.0144737563889074));
#3265=CARTESIAN_POINT('',(0.0287230213897756,-0.003,0.0183708707059374));
#3266=CARTESIAN_POINT('',(0.0288947361190617,-0.003,0.0186682893414689));
#3267=CARTESIAN_POINT('',(0.0369730213897757,-0.003,0.0186682893414689));
#3268=CARTESIAN_POINT('',(0.0270795580640508,-0.003,0.0186682893414689));
#3269=CARTESIAN_POINT('',(0.0274730213897756,-0.003,0.0193497878125393));
#3270=CARTESIAN_POINT('',(0.0252230213897756,-0.003,0.0154526734955093));
#3271=CARTESIAN_POINT('',(0.0229730213897756,-0.003,0.0193497878125393));
#3272=CARTESIAN_POINT('',(0.0233664847155005,-0.003,0.0186682893414689));
#3273=CARTESIAN_POINT('',(0.0369730213897757,-0.003,0.0186682893414689));
#3274=CARTESIAN_POINT('',(0.0215513066604895,-0.003,0.0186682893414689));
#3275=CARTESIAN_POINT('',(0.0217230213897756,-0.003,0.0183708707059374));
#3276=CARTESIAN_POINT('',(0.0239730213897756,-0.003,0.0144737563889074));
#3277=CARTESIAN_POINT('',(0.0194730213897756,-0.003,0.0144737563889074));
#3278=CARTESIAN_POINT('',(0.0149730213897756,-0.003,0.0144737563889074));
#3279=CARTESIAN_POINT('',(0.0172230213897756,-0.003,0.0183708707059374));
#3280=CARTESIAN_POINT('',(0.0173947361190617,-0.003,0.0186682893414689));
#3281=CARTESIAN_POINT('',(0.0369730213897757,-0.003,0.0186682893414689));
#3282=CARTESIAN_POINT('',(0.0155795580640508,-0.003,0.0186682893414689));
#3283=CARTESIAN_POINT('',(0.0159730213897756,-0.003,0.0193497878125393));
#3284=CARTESIAN_POINT('',(0.0137230213897756,-0.003,0.0154526734955093));
#3285=CARTESIAN_POINT('',(0.0114730213897756,-0.003,0.0193497878125393));
#3286=CARTESIAN_POINT('',(0.0118664847155005,-0.003,0.0186682893414689));
#3287=CARTESIAN_POINT('',(0.0369730213897757,-0.003,0.0186682893414689));
#3288=CARTESIAN_POINT('',(0.0100513066604895,-0.003,0.0186682893414689));
#3289=CARTESIAN_POINT('',(0.0102230213897756,-0.003,0.0183708707059374));
#3290=CARTESIAN_POINT('',(0.0124730213897756,-0.003,0.0144737563889074));
#3291=CARTESIAN_POINT('',(0.00797302138977559,-0.003,0.0144737563889074));
#3292=CARTESIAN_POINT('',(0.00347302138977559,-0.003,0.0144737563889074));
#3293=CARTESIAN_POINT('',(0.0057230213897756,-0.003,0.0183708707059374));
#3294=CARTESIAN_POINT('',(0.00589473611906171,-0.003,0.0186682893414689));
#3295=CARTESIAN_POINT('',(0.0369730213897757,-0.003,0.0186682893414689));
#3296=CARTESIAN_POINT('',(0.00407955806405083,-0.003,0.0186682893414689));
#3297=CARTESIAN_POINT('',(0.00447302138977563,-0.003,0.0193497878125393));
#3298=CARTESIAN_POINT('',(0.00222302138977565,-0.003,0.0154526734955093));
#3299=CARTESIAN_POINT('',(-2.69786102243554E-5,-0.003,0.0193497878125393));
#3300=CARTESIAN_POINT('',(0.000366484715500452,-0.003,0.0186682893414689));
#3301=CARTESIAN_POINT('',(0.0369730213897757,-0.003,0.0186682893414689));
#3302=CARTESIAN_POINT('',(-0.0014486933395105,-0.003,0.0186682893414689));
#3303=CARTESIAN_POINT('',(-0.00127697861022439,-0.003,0.0183708707059374));
#3304=CARTESIAN_POINT('',(0.000973021389775598,-0.003,0.0144737563889074));
#3305=CARTESIAN_POINT('',(-0.0035269786102244,-0.003,0.0144737563889074));
#3306=CARTESIAN_POINT('',(-0.0080269786102244,-0.003,0.0144737563889074));
#3307=CARTESIAN_POINT('',(-0.0057769786102244,-0.003,0.0183708707059374));
#3308=CARTESIAN_POINT('',(-0.00560526388093829,-0.003,0.0186682893414689));
#3309=CARTESIAN_POINT('',(0.0369730213897757,-0.003,0.0186682893414689));
#3310=CARTESIAN_POINT('',(-0.00742044193594917,-0.003,0.0186682893414689));
#3311=CARTESIAN_POINT('',(-0.00702697861022436,-0.003,0.0193497878125393));
#3312=CARTESIAN_POINT('',(-0.00927697861022435,-0.003,0.0154526734955093));
#3313=CARTESIAN_POINT('',(-0.0115269786102243,-0.003,0.0193497878125393));
#3314=CARTESIAN_POINT('',(-0.0111335152844995,-0.003,0.0186682893414689));
#3315=CARTESIAN_POINT('',(0.0369730213897757,-0.003,0.0186682893414689));
#3316=CARTESIAN_POINT('',(-0.0129486933395105,-0.003,0.0186682893414689));
#3317=CARTESIAN_POINT('',(-0.0127769786102244,-0.003,0.0183708707059374));
#3318=CARTESIAN_POINT('',(-0.0105269786102244,-0.003,0.0144737563889074));
#3319=CARTESIAN_POINT('',(-0.0150269786102244,-0.003,0.0144737563889074));
#3320=CARTESIAN_POINT('',(-0.0195269786102244,-0.003,0.0144737563889074));
#3321=CARTESIAN_POINT('',(-0.0172769786102244,-0.003,0.0183708707059374));
#3322=CARTESIAN_POINT('',(-0.0171052638809383,-0.003,0.0186682893414689));
#3323=CARTESIAN_POINT('',(0.0369730213897757,-0.003,0.0186682893414689));
#3324=CARTESIAN_POINT('',(-0.0189204419359492,-0.003,0.0186682893414689));
#3325=CARTESIAN_POINT('',(-0.0185269786102243,-0.003,0.0193497878125393));
#3326=CARTESIAN_POINT('',(-0.0207769786102243,-0.003,0.0154526734955093));
#3327=CARTESIAN_POINT('',(-0.0230269786102244,-0.003,0.0193497878125393));
#3328=CARTESIAN_POINT('',(-0.0226335152844995,-0.003,0.0186682893414689));
#3329=CARTESIAN_POINT('',(0.0369730213897757,-0.003,0.0186682893414689));
#3330=CARTESIAN_POINT('',(-0.0244486933395105,-0.003,0.0186682893414689));
#3331=CARTESIAN_POINT('',(-0.0242769786102244,-0.003,0.0183708707059374));
#3332=CARTESIAN_POINT('',(-0.0220269786102244,-0.003,0.0144737563889074));
#3333=CARTESIAN_POINT('',(-0.0265269786102244,-0.003,0.0144737563889074));
#3334=CARTESIAN_POINT('',(-0.0310269786102244,-0.003,0.0144737563889074));
#3335=CARTESIAN_POINT('',(-0.0287769786102244,-0.003,0.0183708707059374));
#3336=CARTESIAN_POINT('',(-0.0286052638809383,-0.003,0.0186682893414689));
#3337=CARTESIAN_POINT('',(0.0369730213897757,-0.003,0.0186682893414689));
#3338=CARTESIAN_POINT('',(-0.0400269786102244,-0.003,0.0186682893414689));
#3339=CARTESIAN_POINT('',(-0.0400269786102244,-0.003,0.0321682893414688));
#3340=CARTESIAN_POINT('',(-0.0400269786102244,-0.003,-0.0163317106585312));
#3341=CARTESIAN_POINT('',(0.0369730213897757,-0.003,-0.0163317106585312));
#3342=CARTESIAN_POINT('',(0.0194730213897756,-0.003,0.00447375638890743));
#3343=CARTESIAN_POINT('',(0.0239730213897756,-0.003,0.00447375638890743));
#3344=CARTESIAN_POINT('',(0.0149730213897756,-0.003,0.00447375638890743));
#3345=CARTESIAN_POINT('',(0.0172230213897756,-0.003,0.00837087070593741));
#3346=CARTESIAN_POINT('',(0.0194730213897756,-0.003,0.0122679850229674));
#3347=CARTESIAN_POINT('',(0.0217230213897756,-0.003,0.00837087070593741));
#3348=CARTESIAN_POINT('',(0.00797302138977559,-0.003,0.00447375638890743));
#3349=CARTESIAN_POINT('',(0.0124730213897756,-0.003,0.00447375638890743));
#3350=CARTESIAN_POINT('',(0.00347302138977559,-0.003,0.00447375638890743));
#3351=CARTESIAN_POINT('',(0.0057230213897756,-0.003,0.00837087070593741));
#3352=CARTESIAN_POINT('',(0.0079730213897756,-0.003,0.0122679850229674));
#3353=CARTESIAN_POINT('',(0.0102230213897756,-0.003,0.00837087070593741));
#3354=CARTESIAN_POINT('',(-0.0035269786102244,-0.003,0.00447375638890743));
#3355=CARTESIAN_POINT('',(0.000973021389775598,-0.003,0.00447375638890743));
#3356=CARTESIAN_POINT('',(-0.0080269786102244,-0.003,0.00447375638890743));
#3357=CARTESIAN_POINT('',(-0.0057769786102244,-0.003,0.00837087070593741));
#3358=CARTESIAN_POINT('',(-0.00352697861022439,-0.003,0.0122679850229674));
#3359=CARTESIAN_POINT('',(-0.00127697861022439,-0.003,0.00837087070593741));
#3360=CARTESIAN_POINT('',(-0.0150269786102244,-0.003,0.00447375638890743));
#3361=CARTESIAN_POINT('',(-0.0105269786102244,-0.003,0.00447375638890743));
#3362=CARTESIAN_POINT('',(-0.0195269786102244,-0.003,0.00447375638890743));
#3363=CARTESIAN_POINT('',(-0.0172769786102244,-0.003,0.00837087070593741));
#3364=CARTESIAN_POINT('',(-0.0150269786102244,-0.003,0.0122679850229674));
#3365=CARTESIAN_POINT('',(-0.0127769786102244,-0.003,0.00837087070593741));
#3366=CARTESIAN_POINT('',(-0.0265269786102244,-0.003,0.00447375638890743));
#3367=CARTESIAN_POINT('',(-0.0220269786102244,-0.003,0.00447375638890743));
#3368=CARTESIAN_POINT('',(-0.0310269786102244,-0.003,0.00447375638890743));
#3369=CARTESIAN_POINT('',(-0.0287769786102244,-0.003,0.00837087070593741));
#3370=CARTESIAN_POINT('',(-0.0265269786102244,-0.003,0.0122679850229674));
#3371=CARTESIAN_POINT('',(-0.0242769786102244,-0.003,0.00837087070593741));
#3372=CARTESIAN_POINT('',(0.0479730213897756,-0.003,-0.00433171065853112));
#3373=CARTESIAN_POINT('',(0.0479730213897756,-0.003,-0.00633171065853112));
#3374=CARTESIAN_POINT('',(0.0399730213897756,-0.003,-0.00433171065853112));
#3375=CARTESIAN_POINT('',(0.0399730213897756,-0.003,-0.00633171065853112));
#3376=CARTESIAN_POINT('',(-0.0240269786102244,-0.003,-0.00433171065853113));
#3377=CARTESIAN_POINT('',(-0.0240269786102244,-0.003,-0.00633171065853113));
#3378=CARTESIAN_POINT('',(-0.0320269786102244,-0.003,-0.00433171065853113));
#3379=CARTESIAN_POINT('',(-0.0320269786102244,-0.003,-0.00633171065853113));
#3380=CARTESIAN_POINT('',(-0.0207769786102243,-0.003,0.0132469021295692));
#3381=CARTESIAN_POINT('',(-0.0162769786102244,-0.003,0.0132469021295693));
#3382=CARTESIAN_POINT('',(-0.0252769786102243,-0.003,0.0132469021295692));
#3383=CARTESIAN_POINT('',(-0.0185269786102243,-0.003,0.00934978781253927));
#3384=CARTESIAN_POINT('',(-0.0207769786102243,-0.003,0.00545267349550929));
#3385=CARTESIAN_POINT('',(-0.0230269786102244,-0.003,0.00934978781253927));
#3386=CARTESIAN_POINT('',(-0.00927697861022436,-0.003,0.0132469021295692));
#3387=CARTESIAN_POINT('',(-0.0047769786102244,-0.003,0.0132469021295693));
#3388=CARTESIAN_POINT('',(-0.0137769786102244,-0.003,0.0132469021295692));
#3389=CARTESIAN_POINT('',(-0.00702697861022437,-0.003,0.00934978781253927));
#3390=CARTESIAN_POINT('',(-0.00927697861022435,-0.003,0.00545267349550929));
#3391=CARTESIAN_POINT('',(-0.0115269786102243,-0.003,0.00934978781253927));
#3392=CARTESIAN_POINT('',(0.00222302138977564,-0.003,0.0132469021295692));
#3393=CARTESIAN_POINT('',(0.00672302138977559,-0.003,0.0132469021295693));
#3394=CARTESIAN_POINT('',(-0.00227697861022436,-0.003,0.0132469021295692));
#3395=CARTESIAN_POINT('',(0.00447302138977563,-0.003,0.00934978781253927));
#3396=CARTESIAN_POINT('',(0.00222302138977565,-0.003,0.00545267349550929));
#3397=CARTESIAN_POINT('',(-2.69786102243554E-5,-0.003,0.00934978781253927));
#3398=CARTESIAN_POINT('',(0.0137230213897756,-0.003,0.0132469021295692));
#3399=CARTESIAN_POINT('',(0.0182230213897756,-0.003,0.0132469021295693));
#3400=CARTESIAN_POINT('',(0.00922302138977565,-0.003,0.0132469021295692));
#3401=CARTESIAN_POINT('',(0.0159730213897756,-0.003,0.00934978781253928));
#3402=CARTESIAN_POINT('',(0.0137230213897756,-0.003,0.00545267349550929));
#3403=CARTESIAN_POINT('',(0.0114730213897756,-0.003,0.00934978781253927));
#3404=CARTESIAN_POINT('',(0.0252230213897756,-0.003,0.0132469021295692));
#3405=CARTESIAN_POINT('',(0.0297230213897756,-0.003,0.0132469021295693));
#3406=CARTESIAN_POINT('',(0.0207230213897757,-0.003,0.0132469021295692));
#3407=CARTESIAN_POINT('',(0.0274730213897756,-0.003,0.00934978781253928));
#3408=CARTESIAN_POINT('',(0.0252230213897756,-0.003,0.00545267349550929));
#3409=CARTESIAN_POINT('',(0.0229730213897756,-0.003,0.00934978781253927));
#3410=CARTESIAN_POINT('',(0.0390980213897756,-0.003,0.00642231354742242));
#3411=CARTESIAN_POINT('',(0.0379730213897756,-0.003,0.00447375638890743));
#3412=CARTESIAN_POINT('',(0.0424730213897756,-0.003,0.0122679850229674));
#3413=CARTESIAN_POINT('',(0.0447230213897756,-0.003,0.00837087070593741));
#3414=CARTESIAN_POINT('',(0.0469730213897756,-0.003,0.00447375638890743));
#3415=CARTESIAN_POINT('',(0.0424730213897756,-0.003,0.00447375638890743));
#3416=CARTESIAN_POINT('',(0.0390980213897756,-0.003,0.00642231354742242));
#3417=CARTESIAN_POINT('',(0.0390980213897756,0.,0.00642231354742242));
#3418=CARTESIAN_POINT('',(0.0379730213897756,0.,0.00447375638890743));
#3419=CARTESIAN_POINT('',(0.0424730213897756,0.,0.0122679850229674));
#3420=CARTESIAN_POINT('',(0.0424730213897756,-0.003,0.0122679850229674));
#3421=CARTESIAN_POINT('',(0.0379730213897756,-0.003,0.00447375638890743));
#3422=CARTESIAN_POINT('',(0.0447230213897756,-0.003,0.00837087070593741));
#3423=CARTESIAN_POINT('',(0.0447230213897756,0.,0.00837087070593741));
#3424=CARTESIAN_POINT('',(0.0469730213897756,0.,0.00447375638890743));
#3425=CARTESIAN_POINT('',(0.0469730213897756,-0.003,0.00447375638890743));
#3426=CARTESIAN_POINT('',(0.0367230213897757,-0.003,0.0232469021295693));
#3427=CARTESIAN_POINT('',(0.0322230213897757,-0.003,0.0232469021295693));
#3428=CARTESIAN_POINT('',(0.0322230213897757,-0.0039078268614016,0.0232469021295693));
#3429=CARTESIAN_POINT('',(0.0322230213897757,-0.000104287256946478,0.0232469021295693));
#3430=CARTESIAN_POINT('',(0.0322230213897757,-0.000104287256946478,0.0232469021295693));
#3431=CARTESIAN_POINT('',(0.0412230213897756,-0.000104287256946481,0.0232469021295693));
#3432=CARTESIAN_POINT('',(0.0412230213897756,-0.003,0.0232469021295693));
#3433=CARTESIAN_POINT('',(0.0412230213897756,-0.0039078268614016,0.0232469021295693));
#3434=CARTESIAN_POINT('',(0.0412230213897756,-0.0039078268614016,0.0232469021295693));
#3435=CARTESIAN_POINT('',(0.0389730213897756,-0.003,0.0193497878125393));
#3436=CARTESIAN_POINT('',(0.0403116088716197,-0.012,0.0216682893414689));
#3437=CARTESIAN_POINT('',(0.0403116088716197,0.,0.0216682893414689));
#3438=CARTESIAN_POINT('',(0.0389730213897756,0.,0.0193497878125393));
#3439=CARTESIAN_POINT('',(0.0367230213897757,0.,0.0154526734955093));
#3440=CARTESIAN_POINT('',(0.0367230213897757,-0.003,0.0154526734955093));
#3441=CARTESIAN_POINT('',(0.0385795580640508,-0.015,0.0186682893414689));
#3442=CARTESIAN_POINT('',(0.0252230213897756,-0.003,0.0132469021295692));
#3443=CARTESIAN_POINT('',(0.0252230213897756,0.,0.0132469021295692));
#3444=CARTESIAN_POINT('',(0.0297230213897756,0.,0.0132469021295693));
#3445=CARTESIAN_POINT('',(0.0207230213897757,0.,0.0132469021295692));
#3446=CARTESIAN_POINT('',(0.0297230213897756,-0.003,0.0132469021295693));
#3447=CARTESIAN_POINT('',(0.0207230213897757,-0.003,0.0132469021295692));
#3448=CARTESIAN_POINT('',(0.0274730213897756,-0.003,0.00934978781253928));
#3449=CARTESIAN_POINT('',(0.0274730213897756,0.,0.00934978781253928));
#3450=CARTESIAN_POINT('',(0.0252230213897756,0.,0.00545267349550929));
#3451=CARTESIAN_POINT('',(0.0252230213897756,-0.003,0.00545267349550929));
#3452=CARTESIAN_POINT('',(0.0252230213897756,-0.003,0.0232469021295693));
#3453=CARTESIAN_POINT('',(0.0207230213897757,-0.003,0.0232469021295693));
#3454=CARTESIAN_POINT('',(0.0207230213897757,-0.0039078268614016,0.0232469021295693));
#3455=CARTESIAN_POINT('',(0.0207230213897757,-0.000104287256946478,0.0232469021295693));
#3456=CARTESIAN_POINT('',(0.0207230213897757,-0.000104287256946478,0.0232469021295693));
#3457=CARTESIAN_POINT('',(0.0297230213897756,-0.000104287256946481,0.0232469021295693));
#3458=CARTESIAN_POINT('',(0.0297230213897756,-0.003,0.0232469021295693));
#3459=CARTESIAN_POINT('',(0.0297230213897756,-0.00390782686140161,0.0232469021295693));
#3460=CARTESIAN_POINT('',(0.0297230213897756,-0.00390782686140161,0.0232469021295693));
#3461=CARTESIAN_POINT('',(0.0274730213897756,-0.003,0.0193497878125393));
#3462=CARTESIAN_POINT('',(0.0288116088716197,-0.012,0.0216682893414689));
#3463=CARTESIAN_POINT('',(0.0288116088716197,0.,0.0216682893414689));
#3464=CARTESIAN_POINT('',(0.0274730213897756,0.,0.0193497878125393));
#3465=CARTESIAN_POINT('',(0.0252230213897756,0.,0.0154526734955093));
#3466=CARTESIAN_POINT('',(0.0252230213897756,-0.003,0.0154526734955093));
#3467=CARTESIAN_POINT('',(0.0270795580640508,-0.015,0.0186682893414689));
#3468=CARTESIAN_POINT('',(0.0137230213897756,-0.003,0.0132469021295692));
#3469=CARTESIAN_POINT('',(0.0137230213897756,0.,0.0132469021295692));
#3470=CARTESIAN_POINT('',(0.0182230213897756,0.,0.0132469021295693));
#3471=CARTESIAN_POINT('',(0.00922302138977565,0.,0.0132469021295692));
#3472=CARTESIAN_POINT('',(0.0182230213897756,-0.003,0.0132469021295693));
#3473=CARTESIAN_POINT('',(0.00922302138977565,-0.003,0.0132469021295692));
#3474=CARTESIAN_POINT('',(0.0159730213897756,-0.003,0.00934978781253928));
#3475=CARTESIAN_POINT('',(0.0159730213897756,0.,0.00934978781253928));
#3476=CARTESIAN_POINT('',(0.0137230213897756,0.,0.00545267349550929));
#3477=CARTESIAN_POINT('',(0.0137230213897756,-0.003,0.00545267349550929));
#3478=CARTESIAN_POINT('',(0.0137230213897756,-0.003,0.0232469021295693));
#3479=CARTESIAN_POINT('',(0.00922302138977565,-0.003,0.0232469021295693));
#3480=CARTESIAN_POINT('',(0.00922302138977565,-0.0039078268614016,0.0232469021295693));
#3481=CARTESIAN_POINT('',(0.00922302138977565,-0.000104287256946478,0.0232469021295693));
#3482=CARTESIAN_POINT('',(0.00922302138977565,-0.000104287256946478,0.0232469021295693));
#3483=CARTESIAN_POINT('',(0.0182230213897756,-0.000104287256946481,0.0232469021295693));
#3484=CARTESIAN_POINT('',(0.0182230213897756,-0.003,0.0232469021295693));
#3485=CARTESIAN_POINT('',(0.0182230213897756,-0.0039078268614016,0.0232469021295693));
#3486=CARTESIAN_POINT('',(0.0182230213897755,-0.0039078268614016,0.0232469021295693));
#3487=CARTESIAN_POINT('',(0.0159730213897756,-0.003,0.0193497878125393));
#3488=CARTESIAN_POINT('',(0.0173116088716196,-0.012,0.0216682893414689));
#3489=CARTESIAN_POINT('',(0.0173116088716196,0.,0.0216682893414689));
#3490=CARTESIAN_POINT('',(0.0159730213897756,0.,0.0193497878125393));
#3491=CARTESIAN_POINT('',(0.0137230213897756,0.,0.0154526734955093));
#3492=CARTESIAN_POINT('',(0.0137230213897756,-0.003,0.0154526734955093));
#3493=CARTESIAN_POINT('',(0.0155795580640508,-0.015,0.0186682893414689));
#3494=CARTESIAN_POINT('',(0.00222302138977564,-0.003,0.0132469021295692));
#3495=CARTESIAN_POINT('',(0.00222302138977564,0.,0.0132469021295692));
#3496=CARTESIAN_POINT('',(0.00672302138977559,0.,0.0132469021295693));
#3497=CARTESIAN_POINT('',(-0.00227697861022436,0.,0.0132469021295692));
#3498=CARTESIAN_POINT('',(0.00672302138977559,-0.003,0.0132469021295693));
#3499=CARTESIAN_POINT('',(-0.00227697861022436,-0.003,0.0132469021295692));
#3500=CARTESIAN_POINT('',(0.00447302138977563,-0.003,0.00934978781253927));
#3501=CARTESIAN_POINT('',(0.00447302138977563,0.,0.00934978781253927));
#3502=CARTESIAN_POINT('',(0.00222302138977565,0.,0.00545267349550929));
#3503=CARTESIAN_POINT('',(0.00222302138977565,-0.003,0.00545267349550929));
#3504=CARTESIAN_POINT('',(0.00222302138977564,-0.003,0.0232469021295693));
#3505=CARTESIAN_POINT('',(-0.00227697861022436,-0.003,0.0232469021295693));
#3506=CARTESIAN_POINT('',(-0.00227697861022436,-0.0039078268614016,0.0232469021295693));
#3507=CARTESIAN_POINT('',(-0.00227697861022436,-0.000104287256946478,0.0232469021295693));
#3508=CARTESIAN_POINT('',(-0.00227697861022436,-0.000104287256946478,0.0232469021295693));
#3509=CARTESIAN_POINT('',(0.00672302138977559,-0.000104287256946479,0.0232469021295693));
#3510=CARTESIAN_POINT('',(0.00672302138977559,-0.003,0.0232469021295693));
#3511=CARTESIAN_POINT('',(0.00672302138977559,-0.0039078268614016,0.0232469021295693));
#3512=CARTESIAN_POINT('',(0.00672302138977557,-0.0039078268614016,0.0232469021295693));
#3513=CARTESIAN_POINT('',(0.00447302138977563,-0.003,0.0193497878125393));
#3514=CARTESIAN_POINT('',(0.00581160887161967,-0.012,0.0216682893414689));
#3515=CARTESIAN_POINT('',(0.00581160887161966,0.,0.0216682893414689));
#3516=CARTESIAN_POINT('',(0.00447302138977563,0.,0.0193497878125393));
#3517=CARTESIAN_POINT('',(0.00222302138977565,0.,0.0154526734955093));
#3518=CARTESIAN_POINT('',(0.00222302138977565,-0.003,0.0154526734955093));
#3519=CARTESIAN_POINT('',(0.00407955806405083,-0.015,0.0186682893414689));
#3520=CARTESIAN_POINT('',(-0.00927697861022436,-0.003,0.0132469021295692));
#3521=CARTESIAN_POINT('',(-0.00927697861022436,0.,0.0132469021295692));
#3522=CARTESIAN_POINT('',(-0.0047769786102244,0.,0.0132469021295693));
#3523=CARTESIAN_POINT('',(-0.0137769786102244,0.,0.0132469021295692));
#3524=CARTESIAN_POINT('',(-0.0047769786102244,-0.003,0.0132469021295693));
#3525=CARTESIAN_POINT('',(-0.0137769786102244,-0.003,0.0132469021295692));
#3526=CARTESIAN_POINT('',(-0.00702697861022437,-0.003,0.00934978781253927));
#3527=CARTESIAN_POINT('',(-0.00702697861022437,0.,0.00934978781253927));
#3528=CARTESIAN_POINT('',(-0.00927697861022435,0.,0.00545267349550929));
#3529=CARTESIAN_POINT('',(-0.00927697861022435,-0.003,0.00545267349550929));
#3530=CARTESIAN_POINT('',(-0.00927697861022436,-0.003,0.0232469021295693));
#3531=CARTESIAN_POINT('',(-0.0137769786102244,-0.003,0.0232469021295693));
#3532=CARTESIAN_POINT('',(-0.0137769786102244,-0.0039078268614016,0.0232469021295693));
#3533=CARTESIAN_POINT('',(-0.0137769786102244,-0.000104287256946478,0.0232469021295693));
#3534=CARTESIAN_POINT('',(-0.0137769786102244,-0.000104287256946478,0.0232469021295693));
#3535=CARTESIAN_POINT('',(-0.0047769786102244,-0.000104287256946479,0.0232469021295693));
#3536=CARTESIAN_POINT('',(-0.0047769786102244,-0.003,0.0232469021295693));
#3537=CARTESIAN_POINT('',(-0.0047769786102244,-0.0039078268614016,0.0232469021295693));
#3538=CARTESIAN_POINT('',(-0.00477697861022442,-0.0039078268614016,0.0232469021295693));
#3539=CARTESIAN_POINT('',(-0.00702697861022436,-0.003,0.0193497878125393));
#3540=CARTESIAN_POINT('',(-0.00568839112838032,-0.012,0.0216682893414689));
#3541=CARTESIAN_POINT('',(-0.00568839112838033,0.,0.0216682893414689));
#3542=CARTESIAN_POINT('',(-0.00702697861022436,0.,0.0193497878125393));
#3543=CARTESIAN_POINT('',(-0.00927697861022435,0.,0.0154526734955093));
#3544=CARTESIAN_POINT('',(-0.00927697861022435,-0.003,0.0154526734955093));
#3545=CARTESIAN_POINT('',(-0.00742044193594916,-0.015,0.0186682893414689));
#3546=CARTESIAN_POINT('',(-0.0207769786102243,-0.003,0.0132469021295692));
#3547=CARTESIAN_POINT('',(-0.0207769786102243,0.,0.0132469021295692));
#3548=CARTESIAN_POINT('',(-0.0162769786102244,0.,0.0132469021295693));
#3549=CARTESIAN_POINT('',(-0.0252769786102243,0.,0.0132469021295692));
#3550=CARTESIAN_POINT('',(-0.0162769786102244,-0.003,0.0132469021295693));
#3551=CARTESIAN_POINT('',(-0.0252769786102243,-0.003,0.0132469021295692));
#3552=CARTESIAN_POINT('',(-0.0185269786102243,-0.003,0.00934978781253927));
#3553=CARTESIAN_POINT('',(-0.0185269786102243,0.,0.00934978781253927));
#3554=CARTESIAN_POINT('',(-0.0207769786102243,0.,0.00545267349550929));
#3555=CARTESIAN_POINT('',(-0.0207769786102243,-0.003,0.00545267349550929));
#3556=CARTESIAN_POINT('',(-0.0207769786102243,-0.003,0.0232469021295693));
#3557=CARTESIAN_POINT('',(-0.0252769786102243,-0.003,0.0232469021295693));
#3558=CARTESIAN_POINT('',(-0.0252769786102243,-0.0039078268614016,0.0232469021295693));
#3559=CARTESIAN_POINT('',(-0.0252769786102243,-0.000104287256946478,0.0232469021295693));
#3560=CARTESIAN_POINT('',(-0.0252769786102243,-0.000104287256946478,0.0232469021295693));
#3561=CARTESIAN_POINT('',(-0.0162769786102244,-0.000104287256946479,0.0232469021295693));
#3562=CARTESIAN_POINT('',(-0.0162769786102244,-0.003,0.0232469021295693));
#3563=CARTESIAN_POINT('',(-0.0162769786102244,-0.0039078268614016,0.0232469021295693));
#3564=CARTESIAN_POINT('',(-0.0162769786102244,-0.0039078268614016,0.0232469021295693));
#3565=CARTESIAN_POINT('',(-0.0185269786102243,-0.003,0.0193497878125393));
#3566=CARTESIAN_POINT('',(-0.0171883911283803,-0.012,0.0216682893414689));
#3567=CARTESIAN_POINT('',(-0.0171883911283803,0.,0.0216682893414689));
#3568=CARTESIAN_POINT('',(-0.0185269786102243,0.,0.0193497878125393));
#3569=CARTESIAN_POINT('',(-0.0207769786102243,0.,0.0154526734955093));
#3570=CARTESIAN_POINT('',(-0.0207769786102243,-0.003,0.0154526734955093));
#3571=CARTESIAN_POINT('',(-0.0189204419359492,-0.015,0.0186682893414689));
#3572=CARTESIAN_POINT('',(-0.0265269786102244,-0.003,0.0144737563889074));
#3573=CARTESIAN_POINT('',(-0.0265269786102244,0.,0.0144737563889074));
#3574=CARTESIAN_POINT('',(-0.0220269786102244,0.,0.0144737563889074));
#3575=CARTESIAN_POINT('',(-0.0310269786102244,0.,0.0144737563889074));
#3576=CARTESIAN_POINT('',(-0.0310269786102244,-0.003,0.0144737563889074));
#3577=CARTESIAN_POINT('',(-0.0220269786102244,-0.003,0.0144737563889074));
#3578=CARTESIAN_POINT('',(-0.0287769786102244,-0.003,0.0183708707059374));
#3579=CARTESIAN_POINT('',(-0.0287769786102244,0.,0.0183708707059374));
#3580=CARTESIAN_POINT('',(-0.0268732130733694,0.,0.0216682893414689));
#3581=CARTESIAN_POINT('',(-0.0268732130733694,-0.012,0.0216682893414689));
#3582=CARTESIAN_POINT('',(-0.0265269786102244,-1.49941556296246E-5,0.0222679850229674));
#3583=CARTESIAN_POINT('',(-0.0265269786102244,-0.003,0.0222679850229674));
#3584=CARTESIAN_POINT('',(-0.0265269786102244,-0.00355263388370052,0.0222679850229674));
#3585=CARTESIAN_POINT('',(-0.0286052638809383,-0.015,0.0186682893414689));
#3586=CARTESIAN_POINT('',(-0.0265269786102244,-0.003,0.00447375638890743));
#3587=CARTESIAN_POINT('',(-0.0265269786102244,0.,0.00447375638890743));
#3588=CARTESIAN_POINT('',(-0.0220269786102244,0.,0.00447375638890743));
#3589=CARTESIAN_POINT('',(-0.0310269786102244,0.,0.00447375638890743));
#3590=CARTESIAN_POINT('',(-0.0310269786102244,-0.003,0.00447375638890743));
#3591=CARTESIAN_POINT('',(-0.0220269786102244,-0.003,0.00447375638890743));
#3592=CARTESIAN_POINT('',(-0.0287769786102244,-0.003,0.00837087070593741));
#3593=CARTESIAN_POINT('',(-0.0287769786102244,0.,0.00837087070593741));
#3594=CARTESIAN_POINT('',(-0.0265269786102244,0.,0.0122679850229674));
#3595=CARTESIAN_POINT('',(-0.0265269786102244,-0.003,0.0122679850229674));
#3596=CARTESIAN_POINT('',(-0.0150269786102244,-0.003,0.0144737563889074));
#3597=CARTESIAN_POINT('',(-0.0150269786102244,0.,0.0144737563889074));
#3598=CARTESIAN_POINT('',(-0.0105269786102244,0.,0.0144737563889074));
#3599=CARTESIAN_POINT('',(-0.0195269786102244,0.,0.0144737563889074));
#3600=CARTESIAN_POINT('',(-0.0195269786102244,-0.003,0.0144737563889074));
#3601=CARTESIAN_POINT('',(-0.0105269786102244,-0.003,0.0144737563889074));
#3602=CARTESIAN_POINT('',(-0.0172769786102244,-0.003,0.0183708707059374));
#3603=CARTESIAN_POINT('',(-0.0172769786102244,0.,0.0183708707059374));
#3604=CARTESIAN_POINT('',(-0.0153732130733694,0.,0.0216682893414689));
#3605=CARTESIAN_POINT('',(-0.0153732130733694,-0.012,0.0216682893414689));
#3606=CARTESIAN_POINT('',(-0.0150269786102244,-1.49941556296246E-5,0.0222679850229674));
#3607=CARTESIAN_POINT('',(-0.0150269786102244,-0.003,0.0222679850229674));
#3608=CARTESIAN_POINT('',(-0.0150269786102244,-0.00355263388370052,0.0222679850229674));
#3609=CARTESIAN_POINT('',(-0.0171052638809383,-0.015,0.0186682893414689));
#3610=CARTESIAN_POINT('',(-0.0150269786102244,-0.003,0.00447375638890743));
#3611=CARTESIAN_POINT('',(-0.0150269786102244,0.,0.00447375638890743));
#3612=CARTESIAN_POINT('',(-0.0105269786102244,0.,0.00447375638890743));
#3613=CARTESIAN_POINT('',(-0.0195269786102244,0.,0.00447375638890743));
#3614=CARTESIAN_POINT('',(-0.0195269786102244,-0.003,0.00447375638890743));
#3615=CARTESIAN_POINT('',(-0.0105269786102244,-0.003,0.00447375638890743));
#3616=CARTESIAN_POINT('',(-0.0172769786102244,-0.003,0.00837087070593741));
#3617=CARTESIAN_POINT('',(-0.0172769786102244,0.,0.00837087070593741));
#3618=CARTESIAN_POINT('',(-0.0150269786102244,0.,0.0122679850229674));
#3619=CARTESIAN_POINT('',(-0.0150269786102244,-0.003,0.0122679850229674));
#3620=CARTESIAN_POINT('',(-0.0035269786102244,-0.003,0.0144737563889074));
#3621=CARTESIAN_POINT('',(-0.0035269786102244,0.,0.0144737563889074));
#3622=CARTESIAN_POINT('',(0.000973021389775598,0.,0.0144737563889074));
#3623=CARTESIAN_POINT('',(-0.0080269786102244,0.,0.0144737563889074));
#3624=CARTESIAN_POINT('',(-0.0080269786102244,-0.003,0.0144737563889074));
#3625=CARTESIAN_POINT('',(0.000973021389775598,-0.003,0.0144737563889074));
#3626=CARTESIAN_POINT('',(-0.0057769786102244,-0.003,0.0183708707059374));
#3627=CARTESIAN_POINT('',(-0.0057769786102244,0.,0.0183708707059374));
#3628=CARTESIAN_POINT('',(-0.00387321307336942,0.,0.0216682893414689));
#3629=CARTESIAN_POINT('',(-0.00387321307336941,-0.012,0.0216682893414689));
#3630=CARTESIAN_POINT('',(-0.00352697861022439,-1.49941556296246E-5,0.0222679850229674));
#3631=CARTESIAN_POINT('',(-0.00352697861022439,-0.003,0.0222679850229674));
#3632=CARTESIAN_POINT('',(-0.00352697861022439,-0.00355263388370052,0.0222679850229674));
#3633=CARTESIAN_POINT('',(-0.00560526388093829,-0.015,0.0186682893414689));
#3634=CARTESIAN_POINT('',(-0.0035269786102244,-0.003,0.00447375638890743));
#3635=CARTESIAN_POINT('',(-0.0035269786102244,0.,0.00447375638890743));
#3636=CARTESIAN_POINT('',(0.000973021389775598,0.,0.00447375638890743));
#3637=CARTESIAN_POINT('',(-0.0080269786102244,0.,0.00447375638890743));
#3638=CARTESIAN_POINT('',(-0.0080269786102244,-0.003,0.00447375638890743));
#3639=CARTESIAN_POINT('',(0.000973021389775598,-0.003,0.00447375638890743));
#3640=CARTESIAN_POINT('',(-0.0057769786102244,-0.003,0.00837087070593741));
#3641=CARTESIAN_POINT('',(-0.0057769786102244,0.,0.00837087070593741));
#3642=CARTESIAN_POINT('',(-0.00352697861022439,0.,0.0122679850229674));
#3643=CARTESIAN_POINT('',(-0.00352697861022439,-0.003,0.0122679850229674));
#3644=CARTESIAN_POINT('',(0.00797302138977559,-0.003,0.0144737563889074));
#3645=CARTESIAN_POINT('',(0.00797302138977559,0.,0.0144737563889074));
#3646=CARTESIAN_POINT('',(0.0124730213897756,0.,0.0144737563889074));
#3647=CARTESIAN_POINT('',(0.00347302138977559,0.,0.0144737563889074));
#3648=CARTESIAN_POINT('',(0.00347302138977559,-0.003,0.0144737563889074));
#3649=CARTESIAN_POINT('',(0.0124730213897756,-0.003,0.0144737563889074));
#3650=CARTESIAN_POINT('',(0.0057230213897756,-0.003,0.0183708707059374));
#3651=CARTESIAN_POINT('',(0.0057230213897756,0.,0.0183708707059374));
#3652=CARTESIAN_POINT('',(0.00762678692663058,0.,0.0216682893414689));
#3653=CARTESIAN_POINT('',(0.00762678692663059,-0.012,0.0216682893414689));
#3654=CARTESIAN_POINT('',(0.0079730213897756,-1.49941556296246E-5,0.0222679850229674));
#3655=CARTESIAN_POINT('',(0.0079730213897756,-0.003,0.0222679850229674));
#3656=CARTESIAN_POINT('',(0.0079730213897756,-0.00355263388370052,0.0222679850229674));
#3657=CARTESIAN_POINT('',(0.00589473611906171,-0.015,0.0186682893414689));
#3658=CARTESIAN_POINT('',(0.00797302138977559,-0.003,0.00447375638890743));
#3659=CARTESIAN_POINT('',(0.00797302138977559,0.,0.00447375638890743));
#3660=CARTESIAN_POINT('',(0.0124730213897756,0.,0.00447375638890743));
#3661=CARTESIAN_POINT('',(0.00347302138977559,0.,0.00447375638890743));
#3662=CARTESIAN_POINT('',(0.00347302138977559,-0.003,0.00447375638890743));
#3663=CARTESIAN_POINT('',(0.0124730213897756,-0.003,0.00447375638890743));
#3664=CARTESIAN_POINT('',(0.0057230213897756,-0.003,0.00837087070593741));
#3665=CARTESIAN_POINT('',(0.0057230213897756,0.,0.00837087070593741));
#3666=CARTESIAN_POINT('',(0.0079730213897756,0.,0.0122679850229674));
#3667=CARTESIAN_POINT('',(0.0079730213897756,-0.003,0.0122679850229674));
#3668=CARTESIAN_POINT('',(0.0194730213897756,-0.003,0.0144737563889074));
#3669=CARTESIAN_POINT('',(0.0194730213897756,0.,0.0144737563889074));
#3670=CARTESIAN_POINT('',(0.0239730213897756,0.,0.0144737563889074));
#3671=CARTESIAN_POINT('',(0.0149730213897756,0.,0.0144737563889074));
#3672=CARTESIAN_POINT('',(0.0149730213897756,-0.003,0.0144737563889074));
#3673=CARTESIAN_POINT('',(0.0239730213897756,-0.003,0.0144737563889074));
#3674=CARTESIAN_POINT('',(0.0172230213897756,-0.003,0.0183708707059374));
#3675=CARTESIAN_POINT('',(0.0172230213897756,0.,0.0183708707059374));
#3676=CARTESIAN_POINT('',(0.0191267869266306,0.,0.0216682893414689));
#3677=CARTESIAN_POINT('',(0.0191267869266306,-0.012,0.0216682893414689));
#3678=CARTESIAN_POINT('',(0.0194730213897756,-1.49941556296246E-5,0.0222679850229674));
#3679=CARTESIAN_POINT('',(0.0194730213897756,-0.003,0.0222679850229674));
#3680=CARTESIAN_POINT('',(0.0194730213897756,-0.00355263388370052,0.0222679850229674));
#3681=CARTESIAN_POINT('',(0.0173947361190617,-0.015,0.0186682893414689));
#3682=CARTESIAN_POINT('',(0.0194730213897756,-0.003,0.00447375638890743));
#3683=CARTESIAN_POINT('',(0.0194730213897756,0.,0.00447375638890743));
#3684=CARTESIAN_POINT('',(0.0239730213897756,0.,0.00447375638890743));
#3685=CARTESIAN_POINT('',(0.0149730213897756,0.,0.00447375638890743));
#3686=CARTESIAN_POINT('',(0.0149730213897756,-0.003,0.00447375638890743));
#3687=CARTESIAN_POINT('',(0.0239730213897756,-0.003,0.00447375638890743));
#3688=CARTESIAN_POINT('',(0.0172230213897756,-0.003,0.00837087070593741));
#3689=CARTESIAN_POINT('',(0.0172230213897756,0.,0.00837087070593741));
#3690=CARTESIAN_POINT('',(0.0194730213897756,0.,0.0122679850229674));
#3691=CARTESIAN_POINT('',(0.0194730213897756,-0.003,0.0122679850229674));
#3692=CARTESIAN_POINT('',(0.0309730213897756,-0.003,0.0144737563889074));
#3693=CARTESIAN_POINT('',(0.0309730213897756,0.,0.0144737563889074));
#3694=CARTESIAN_POINT('',(0.0354730213897756,0.,0.0144737563889074));
#3695=CARTESIAN_POINT('',(0.0264730213897756,0.,0.0144737563889074));
#3696=CARTESIAN_POINT('',(0.0264730213897756,-0.003,0.0144737563889074));
#3697=CARTESIAN_POINT('',(0.0354730213897756,-0.003,0.0144737563889074));
#3698=CARTESIAN_POINT('',(0.0287230213897756,-0.003,0.0183708707059374));
#3699=CARTESIAN_POINT('',(0.0287230213897756,0.,0.0183708707059374));
#3700=CARTESIAN_POINT('',(0.0306267869266306,0.,0.0216682893414689));
#3701=CARTESIAN_POINT('',(0.0306267869266306,-0.012,0.0216682893414689));
#3702=CARTESIAN_POINT('',(0.0309730213897756,-1.49941556296246E-5,0.0222679850229674));
#3703=CARTESIAN_POINT('',(0.0309730213897756,-0.003,0.0222679850229674));
#3704=CARTESIAN_POINT('',(0.0309730213897756,-0.00355263388370052,0.0222679850229674));
#3705=CARTESIAN_POINT('',(0.0288947361190617,-0.015,0.0186682893414689));
#3706=CARTESIAN_POINT('',(0.0424730213897756,-0.003,0.0144737563889074));
#3707=CARTESIAN_POINT('',(0.0424730213897756,0.,0.0144737563889074));
#3708=CARTESIAN_POINT('',(0.0469730213897756,0.,0.0144737563889074));
#3709=CARTESIAN_POINT('',(0.0379730213897756,0.,0.0144737563889074));
#3710=CARTESIAN_POINT('',(0.0379730213897756,-0.003,0.0144737563889074));
#3711=CARTESIAN_POINT('',(0.0469730213897756,-0.003,0.0144737563889074));
#3712=CARTESIAN_POINT('',(0.0402230213897756,-0.003,0.0183708707059374));
#3713=CARTESIAN_POINT('',(0.0402230213897756,0.,0.0183708707059374));
#3714=CARTESIAN_POINT('',(0.0421267869266306,0.,0.0216682893414689));
#3715=CARTESIAN_POINT('',(0.0421267869266306,-0.012,0.0216682893414689));
#3716=CARTESIAN_POINT('',(0.0424730213897756,-1.49941556296246E-5,0.0222679850229674));
#3717=CARTESIAN_POINT('',(0.0424730213897756,-0.003,0.0222679850229674));
#3718=CARTESIAN_POINT('',(0.0424730213897756,-0.00355263388370052,0.0222679850229674));
#3719=CARTESIAN_POINT('',(0.0403947361190617,-0.015,0.0186682893414689));
#3720=CARTESIAN_POINT('',(0.0311847864681726,-0.003,0.011901197147915));
#3721=CARTESIAN_POINT('',(0.0311847864681726,0.,0.011901197147915));
#3722=CARTESIAN_POINT('',(0.0309730213897756,0.,0.0122679850229674));
#3723=CARTESIAN_POINT('',(0.0354730213897756,0.,0.00447375638890743));
#3724=CARTESIAN_POINT('',(0.0354730213897756,-0.003,0.00447375638890743));
#3725=CARTESIAN_POINT('',(0.0309730213897756,-0.003,0.0122679850229674));
#3726=CARTESIAN_POINT('',(0.0309730213897756,-0.003,0.00447375638890743));
#3727=CARTESIAN_POINT('',(0.0309730213897756,0.,0.00447375638890743));
#3728=CARTESIAN_POINT('',(0.0264730213897756,0.,0.00447375638890743));
#3729=CARTESIAN_POINT('',(0.0264730213897756,-0.003,0.00447375638890743));
#3730=CARTESIAN_POINT('',(0.0400423296191465,-0.003,0.0112018839947612));
#3731=CARTESIAN_POINT('',(0.0400423296191465,0.,0.0112018839947612));
#3732=CARTESIAN_POINT('',(0.0367230213897757,0.,0.00545267349550929));
#3733=CARTESIAN_POINT('',(0.0412230213897757,0.,0.0132469021295692));
#3734=CARTESIAN_POINT('',(0.0367230213897757,-0.003,0.00545267349550929));
#3735=CARTESIAN_POINT('',(0.0412230213897757,-0.003,0.0132469021295692));
#3736=CARTESIAN_POINT('',(0.0347404782388017,-0.003,0.00888653896119383));
#3737=CARTESIAN_POINT('',(0.0347404782388017,0.,0.00888653896119383));
#3738=CARTESIAN_POINT('',(0.0322230213897757,0.,0.0132469021295692));
#3739=CARTESIAN_POINT('',(0.0322230213897757,-0.003,0.0132469021295692));
#3740=CARTESIAN_POINT('',(0.0369730213897757,-0.003,0.0336682893414689));
#3741=CARTESIAN_POINT('',(-0.0400269786102244,-0.003,0.0336682893414689));
#3742=CARTESIAN_POINT('',(-0.0400269786102244,-0.039,0.0336682893414689));
#3743=CARTESIAN_POINT('',(-0.0400269786102244,-0.012,0.0336682893414689));
#3744=CARTESIAN_POINT('',(0.0369730213897757,-0.039,0.0336682893414689));
#3745=CARTESIAN_POINT('',(0.113973021389776,-0.039,0.0336682893414689));
#3746=CARTESIAN_POINT('',(0.113973021389776,-0.003,0.0336682893414689));
#3747=CARTESIAN_POINT('',(0.113973021389776,-0.012,0.0336682893414689));
#3748=CARTESIAN_POINT('',(-0.0400269786102244,-0.012,0.0336682893414689));
#3749=CARTESIAN_POINT('',(-0.0400269786102244,-0.003,0.0321682893414688));
#3750=CARTESIAN_POINT('',(-0.0400269786102244,-0.051,0.0321682893414688));
#3751=CARTESIAN_POINT('',(-0.0400269786102244,-0.051,0.0216682893414689));
#3752=CARTESIAN_POINT('',(-0.0400269786102244,-0.051,0.00366828934146887));
#3753=CARTESIAN_POINT('',(-0.0400269786102244,-0.039,0.0216682893414689));
#3754=CARTESIAN_POINT('',(-0.0400269786102244,-0.012,0.0216682893414689));
#3755=CARTESIAN_POINT('',(-0.0400269786102244,0.,0.0216682893414689));
#3756=CARTESIAN_POINT('',(-0.0400269786102244,0.,0.0321682893414688));
#3757=CARTESIAN_POINT('',(-0.0400269786102244,0.,-0.0163317106585312));
#3758=CARTESIAN_POINT('',(-0.0400269786102244,-0.003,-0.0163317106585312));
#3759=CARTESIAN_POINT('',(-0.0400269786102244,-0.015,0.0186682893414689));
#3760=CARTESIAN_POINT('',(-0.0400269786102244,-0.0365,0.0186682893414689));
#3761=CARTESIAN_POINT('',(-0.0400269786102244,-0.0485,0.0186682893414689));
#3762=CARTESIAN_POINT('',(-0.0400269786102244,-0.0485,0.00366828934146887));
#3763=CARTESIAN_POINT('',(-0.0400269786102244,-0.0485,0.00366828934146887));
#3764=CARTESIAN_POINT('',(-0.0400269786102244,-0.051,0.00366828934146887));
#3765=CARTESIAN_POINT('',(0.0369730213897757,-0.003,-0.0163317106585312));
#3766=CARTESIAN_POINT('',(0.0369730213897757,0.,-0.0163317106585312));
#3767=CARTESIAN_POINT('',(0.113973021389776,0.,-0.0163317106585312));
#3768=CARTESIAN_POINT('',(0.113973021389776,-0.003,-0.0163317106585312));
#3769=CARTESIAN_POINT('',(0.0344730213897756,-0.003,0.0193497878125393));
#3770=CARTESIAN_POINT('',(0.0344730213897756,0.,0.0193497878125393));
#3771=CARTESIAN_POINT('',(0.0331344339079316,0.,0.0216682893414689));
#3772=CARTESIAN_POINT('',(0.0331344339079316,-0.012,0.0216682893414689));
#3773=CARTESIAN_POINT('',(0.0348664847155004,-0.015,0.0186682893414689));
#3774=CARTESIAN_POINT('',(0.0229730213897756,-0.003,0.00934978781253927));
#3775=CARTESIAN_POINT('',(0.0229730213897756,0.,0.00934978781253927));
#3776=CARTESIAN_POINT('',(0.0229730213897756,-0.003,0.0193497878125393));
#3777=CARTESIAN_POINT('',(0.0229730213897756,0.,0.0193497878125393));
#3778=CARTESIAN_POINT('',(0.0216344339079316,0.,0.0216682893414689));
#3779=CARTESIAN_POINT('',(0.0216344339079316,-0.012,0.0216682893414689));
#3780=CARTESIAN_POINT('',(0.0233664847155005,-0.015,0.0186682893414689));
#3781=CARTESIAN_POINT('',(0.0114730213897756,-0.003,0.00934978781253927));
#3782=CARTESIAN_POINT('',(0.0114730213897756,0.,0.00934978781253927));
#3783=CARTESIAN_POINT('',(0.0114730213897756,-0.003,0.0193497878125393));
#3784=CARTESIAN_POINT('',(0.0114730213897756,0.,0.0193497878125393));
#3785=CARTESIAN_POINT('',(0.0101344339079316,0.,0.0216682893414689));
#3786=CARTESIAN_POINT('',(0.0101344339079316,-0.012,0.0216682893414689));
#3787=CARTESIAN_POINT('',(0.0118664847155005,-0.015,0.0186682893414689));
#3788=CARTESIAN_POINT('',(-2.69786102243554E-5,-0.003,0.00934978781253927));
#3789=CARTESIAN_POINT('',(-2.69786102243554E-5,0.,0.00934978781253927));
#3790=CARTESIAN_POINT('',(-2.69786102243554E-5,-0.003,0.0193497878125393));
#3791=CARTESIAN_POINT('',(-2.69786102243554E-5,0.,0.0193497878125393));
#3792=CARTESIAN_POINT('',(-0.00136556609206842,0.,0.0216682893414689));
#3793=CARTESIAN_POINT('',(-0.00136556609206842,-0.012,0.0216682893414689));
#3794=CARTESIAN_POINT('',(0.000366484715500458,-0.015,0.0186682893414689));
#3795=CARTESIAN_POINT('',(-0.0115269786102243,-0.003,0.00934978781253927));
#3796=CARTESIAN_POINT('',(-0.0115269786102243,0.,0.00934978781253927));
#3797=CARTESIAN_POINT('',(-0.0115269786102243,-0.003,0.0193497878125393));
#3798=CARTESIAN_POINT('',(-0.0115269786102243,0.,0.0193497878125393));
#3799=CARTESIAN_POINT('',(-0.0128655660920684,0.,0.0216682893414689));
#3800=CARTESIAN_POINT('',(-0.0128655660920684,-0.012,0.0216682893414689));
#3801=CARTESIAN_POINT('',(-0.0111335152844995,-0.015,0.0186682893414689));
#3802=CARTESIAN_POINT('',(-0.0230269786102244,-0.003,0.00934978781253927));
#3803=CARTESIAN_POINT('',(-0.0230269786102244,0.,0.00934978781253927));
#3804=CARTESIAN_POINT('',(-0.0230269786102244,-0.003,0.0193497878125393));
#3805=CARTESIAN_POINT('',(-0.0230269786102244,0.,0.0193497878125393));
#3806=CARTESIAN_POINT('',(-0.0243655660920684,0.,0.0216682893414689));
#3807=CARTESIAN_POINT('',(-0.0243655660920684,-0.012,0.0216682893414689));
#3808=CARTESIAN_POINT('',(-0.0226335152844995,-0.015,0.0186682893414689));
#3809=CARTESIAN_POINT('',(-0.0320269786102244,-0.003,-0.00433171065853113));
#3810=CARTESIAN_POINT('',(-0.0320269786102244,0.,-0.00433171065853113));
#3811=CARTESIAN_POINT('',(-0.0320269786102244,0.,-0.00633171065853113));
#3812=CARTESIAN_POINT('',(-0.0240269786102244,-0.003,-0.00433171065853113));
#3813=CARTESIAN_POINT('',(-0.0240269786102244,0.,-0.00433171065853113));
#3814=CARTESIAN_POINT('',(-0.0240269786102244,0.,-0.00633171065853113));
#3815=CARTESIAN_POINT('',(0.0399730213897756,-0.003,-0.00433171065853112));
#3816=CARTESIAN_POINT('',(0.0399730213897756,0.,-0.00433171065853112));
#3817=CARTESIAN_POINT('',(0.0399730213897756,0.,-0.00633171065853112));
#3818=CARTESIAN_POINT('',(0.0479730213897756,-0.003,-0.00433171065853112));
#3819=CARTESIAN_POINT('',(0.0479730213897756,0.,-0.00433171065853112));
#3820=CARTESIAN_POINT('',(0.0479730213897756,0.,-0.00633171065853112));
#3821=CARTESIAN_POINT('',(-0.0242769786102244,-0.003,0.0183708707059374));
#3822=CARTESIAN_POINT('',(-0.0261807441470794,-0.012,0.0216682893414689));
#3823=CARTESIAN_POINT('',(-0.0261807441470794,0.,0.0216682893414689));
#3824=CARTESIAN_POINT('',(-0.0242769786102244,0.,0.0183708707059374));
#3825=CARTESIAN_POINT('',(-0.0244486933395105,-0.015,0.0186682893414689));
#3826=CARTESIAN_POINT('',(-0.0242769786102244,-0.003,0.00837087070593741));
#3827=CARTESIAN_POINT('',(-0.0242769786102244,0.,0.00837087070593741));
#3828=CARTESIAN_POINT('',(-0.0127769786102244,-0.003,0.0183708707059374));
#3829=CARTESIAN_POINT('',(-0.0146807441470794,-0.012,0.0216682893414689));
#3830=CARTESIAN_POINT('',(-0.0146807441470794,0.,0.0216682893414689));
#3831=CARTESIAN_POINT('',(-0.0127769786102244,0.,0.0183708707059374));
#3832=CARTESIAN_POINT('',(-0.0129486933395105,-0.015,0.0186682893414689));
#3833=CARTESIAN_POINT('',(-0.0127769786102244,-0.003,0.00837087070593741));
#3834=CARTESIAN_POINT('',(-0.0127769786102244,0.,0.00837087070593741));
#3835=CARTESIAN_POINT('',(-0.00127697861022439,-0.003,0.0183708707059374));
#3836=CARTESIAN_POINT('',(-0.00318074414707937,-0.012,0.0216682893414689));
#3837=CARTESIAN_POINT('',(-0.00318074414707937,0.,0.0216682893414689));
#3838=CARTESIAN_POINT('',(-0.00127697861022439,0.,0.0183708707059374));
#3839=CARTESIAN_POINT('',(-0.0014486933395105,-0.015,0.0186682893414689));
#3840=CARTESIAN_POINT('',(-0.00127697861022439,-0.003,0.00837087070593741));
#3841=CARTESIAN_POINT('',(-0.00127697861022439,0.,0.00837087070593741));
#3842=CARTESIAN_POINT('',(0.0102230213897756,-0.003,0.0183708707059374));
#3843=CARTESIAN_POINT('',(0.00831925585292063,-0.012,0.0216682893414689));
#3844=CARTESIAN_POINT('',(0.00831925585292062,0.,0.0216682893414689));
#3845=CARTESIAN_POINT('',(0.0102230213897756,0.,0.0183708707059374));
#3846=CARTESIAN_POINT('',(0.0100513066604895,-0.015,0.0186682893414689));
#3847=CARTESIAN_POINT('',(0.0102230213897756,-0.003,0.00837087070593741));
#3848=CARTESIAN_POINT('',(0.0102230213897756,0.,0.00837087070593741));
#3849=CARTESIAN_POINT('',(0.0217230213897756,-0.003,0.0183708707059374));
#3850=CARTESIAN_POINT('',(0.0198192558529206,-0.012,0.0216682893414689));
#3851=CARTESIAN_POINT('',(0.0198192558529206,0.,0.0216682893414689));
#3852=CARTESIAN_POINT('',(0.0217230213897756,0.,0.0183708707059374));
#3853=CARTESIAN_POINT('',(0.0215513066604895,-0.015,0.0186682893414689));
#3854=CARTESIAN_POINT('',(0.0217230213897756,-0.003,0.00837087070593741));
#3855=CARTESIAN_POINT('',(0.0217230213897756,0.,0.00837087070593741));
#3856=CARTESIAN_POINT('',(0.0332230213897756,-0.003,0.0183708707059374));
#3857=CARTESIAN_POINT('',(0.0313192558529206,-0.012,0.0216682893414689));
#3858=CARTESIAN_POINT('',(0.0313192558529206,0.,0.0216682893414689));
#3859=CARTESIAN_POINT('',(0.0332230213897756,0.,0.0183708707059374));
#3860=CARTESIAN_POINT('',(0.0330513066604895,-0.015,0.0186682893414689));
#3861=CARTESIAN_POINT('',(0.0447230213897756,-0.003,0.0183708707059374));
#3862=CARTESIAN_POINT('',(0.0428192558529206,-0.012,0.0216682893414689));
#3863=CARTESIAN_POINT('',(0.0428192558529206,0.,0.0216682893414689));
#3864=CARTESIAN_POINT('',(0.0447230213897756,0.,0.0183708707059374));
#3865=CARTESIAN_POINT('',(0.0445513066604895,-0.015,0.0186682893414689));
#3866=CARTESIAN_POINT('',(0.0287230213897756,-0.003,0.00837087070593741));
#3867=CARTESIAN_POINT('',(0.0287230213897756,0.,0.00837087070593741));
#3868=CARTESIAN_POINT('',(0.0367230213897757,-0.003,0.0132469021295692));
#3869=CARTESIAN_POINT('',(0.0367230213897757,0.,0.0132469021295692));
#3870=CARTESIAN_POINT('',(0.113973021389776,-0.003,0.0321682893414688));
#3871=CARTESIAN_POINT('',(0.113973021389776,-0.039,0.0216682893414689));
#3872=CARTESIAN_POINT('',(0.113973021389776,-0.051,0.0216682893414689));
#3873=CARTESIAN_POINT('',(0.113973021389776,-0.051,0.0321682893414688));
#3874=CARTESIAN_POINT('',(0.113973021389776,-0.051,0.00366828934146887));
#3875=CARTESIAN_POINT('',(0.113973021389776,-0.051,0.00366828934146887));
#3876=CARTESIAN_POINT('',(0.113973021389776,-0.0485,0.00366828934146887));
#3877=CARTESIAN_POINT('',(0.113973021389776,-0.0485,0.00366828934146887));
#3878=CARTESIAN_POINT('',(0.113973021389776,-0.0485,0.0186682893414689));
#3879=CARTESIAN_POINT('',(0.113973021389776,-0.0365,0.0186682893414689));
#3880=CARTESIAN_POINT('',(0.113973021389776,-0.015,0.0186682893414689));
#3881=CARTESIAN_POINT('',(0.113973021389776,0.,0.0321682893414688));
#3882=CARTESIAN_POINT('',(0.113973021389776,0.,0.0216682893414689));
#3883=CARTESIAN_POINT('',(0.113973021389776,-0.012,0.0216682893414689));
#3884=CARTESIAN_POINT('',(0.0424730213897756,-0.003,0.00447375638890743));
#3885=CARTESIAN_POINT('',(0.0424730213897756,0.,0.00447375638890743));
#3886=CARTESIAN_POINT('',(0.0369730213897757,0.,0.00866828934146887));
#3887=CARTESIAN_POINT('',(0.113973021389776,0.,0.0216682893414689));
#3888=CARTESIAN_POINT('',(0.113973021389776,0.,0.0216682893414689));
#3889=CARTESIAN_POINT('',(0.113973021389776,0.,0.0216682893414689));
#3890=CARTESIAN_POINT('',(0.113973021389776,0.,0.0216682893414689));
#3891=CARTESIAN_POINT('',(0.113973021389776,0.,0.0216682893414689));
#3892=CARTESIAN_POINT('',(0.113973021389776,0.,0.0216682893414689));
#3893=CARTESIAN_POINT('',(0.113973021389776,0.,0.0216682893414689));
#3894=CARTESIAN_POINT('',(0.113973021389776,0.,0.0216682893414689));
#3895=CARTESIAN_POINT('',(0.113973021389776,0.,0.0216682893414689));
#3896=CARTESIAN_POINT('',(0.113973021389776,0.,0.0216682893414689));
#3897=CARTESIAN_POINT('',(0.113973021389776,0.,0.0216682893414689));
#3898=CARTESIAN_POINT('',(0.113973021389776,0.,0.0216682893414689));
#3899=CARTESIAN_POINT('',(0.113973021389776,0.,0.0216682893414689));
#3900=CARTESIAN_POINT('',(0.113973021389776,0.,0.0216682893414689));
#3901=CARTESIAN_POINT('',(0.0369730213897757,-0.051,0.00866828934146887));
#3902=CARTESIAN_POINT('',(0.0369730213897757,-0.051,0.0216682893414689));
#3903=CARTESIAN_POINT('',(0.0369730213897757,-0.051,0.00366828934146887));
#3904=CARTESIAN_POINT('',(0.0369730213897757,-0.0485,0.00366828934146887));
#3905=CARTESIAN_POINT('',(0.113973021389776,-0.0485,0.0186682893414689));
#3906=CARTESIAN_POINT('',(0.0369730213897757,-0.0485,0.00366828934146887));
#3907=CARTESIAN_POINT('',(0.0369730213897757,-0.027,0.00366828934146887));
#3908=CARTESIAN_POINT('',(0.0369730213897757,-0.0365,0.0186682893414689));
#3909=CARTESIAN_POINT('',(0.0369730213897757,-0.039,0.0216682893414689));
#3910=CARTESIAN_POINT('',(0.0369730213897757,-0.015,0.0186682893414689));
#3911=CARTESIAN_POINT('',(0.0369730213897757,-0.012,0.0216682893414689));
#3912=MECHANICAL_DESIGN_GEOMETRIC_PRESENTATION_REPRESENTATION('',(#2425),
#3913);
#3913=(
GEOMETRIC_REPRESENTATION_CONTEXT(3)
GLOBAL_UNCERTAINTY_ASSIGNED_CONTEXT((#3914))
GLOBAL_UNIT_ASSIGNED_CONTEXT((#3917,#3916,#3915))
REPRESENTATION_CONTEXT('Part 1','TOP_LEVEL_ASSEMBLY_PART')
);
#3914=UNCERTAINTY_MEASURE_WITH_UNIT(LENGTH_MEASURE(1.E-8),#3917,
'DISTANCE_ACCURACY_VALUE','Maximum Tolerance applied to model');
#3915=(
NAMED_UNIT(*)
SI_UNIT($,.STERADIAN.)
SOLID_ANGLE_UNIT()
);
#3916=(
NAMED_UNIT(*)
PLANE_ANGLE_UNIT()
SI_UNIT($,.RADIAN.)
);
#3917=(
LENGTH_UNIT()
NAMED_UNIT(*)
SI_UNIT($,.METRE.)
);
#3918=PRODUCT_DEFINITION_SHAPE('','',#3919);
#3919=PRODUCT_DEFINITION('','',#3921,#3920);
#3920=PRODUCT_DEFINITION_CONTEXT('',#3927,'design');
#3921=PRODUCT_DEFINITION_FORMATION_WITH_SPECIFIED_SOURCE('','',#3923,
 .NOT_KNOWN.);
#3922=PRODUCT_RELATED_PRODUCT_CATEGORY('','',(#3923));
#3923=PRODUCT('Part 1','Part 1','Part 1',(#3925));
#3924=PRODUCT_CATEGORY('','');
#3925=PRODUCT_CONTEXT('',#3927,'mechanical');
#3926=APPLICATION_PROTOCOL_DEFINITION('international standard',
'ap242_managed_model_based_3d_engineering',2020,#3927);
#3927=APPLICATION_CONTEXT('managed model based 3d engineering');
ENDSEC;
END-ISO-10303-21;
